Time,Pressure,Volume,PhysicalFlow,CalcFlow,Mode,RR,TV,IERatio,PIP
15.161739826202393,-0.03,0.0,4.8,6.9,VCV,15,500,1:2,20
15.396288871765137,-0.03,42.9,-1.1,17.9,VCV,15,500,1:2,20
15.64700198173523,0.04,143.1,18.7,43.4,VCV,15,500,1:2,20
15.897753953933716,2.48,306.9,25.7,45.0,VCV,15,500,1:2,20
16.147924423217773,14.16,434.3,42.8,23.6,VCV,15,500,1:2,20
16.398067235946655,21.59,490.2,12.0,9.4,VCV,15,500,1:2,20
16.648261547088623,23.79,480.0,-40.9,-9.0,VCV,15,500,1:2,20
16.898396492004395,16.13,438.5,25.6,-13.3,VCV,15,500,1:2,20
17.149914979934692,7.87,379.8,41.6,-19.4,VCV,15,500,1:2,20
17.404841423034668,3.51,298.6,58.9,-22.5,VCV,15,500,1:2,20
17.65071201324463,1.99,215.5,60.3,-22.5,VCV,15,500,1:2,20
17.9014892578125,0.93,132.5,64.3,-20.7,VCV,15,500,1:2,20
18.151695489883423,0.55,69.2,58.6,-14.1,VCV,15,500,1:2,20
18.405110359191895,0.16,25.4,20.2,-9.6,VCV,15,500,1:2,20
18.6543550491333,0.08,0.0,39.0,0.0,VCV,15,500,1:2,20
18.90448498725891,0.04,0.0,54.3,0.0,VCV,15,500,1:2,20
19.179019927978516,0.02,0.0,62.3,6.9,VCV,15,500,1:2,20
19.411842823028564,-0.01,35.5,40.5,16.0,VCV,15,500,1:2,20
19.661915063858032,-0.0,126.5,33.2,39.2,VCV,15,500,1:2,20
19.912596225738525,4.48,288.0,34.7,45.0,VCV,15,500,1:2,20
20.16295099258423,12.31,424.2,51.0,26.2,VCV,15,500,1:2,20
20.415233373641968,21.47,486.0,33.6,10.5,VCV,15,500,1:2,20
20.665160417556763,23.78,477.2,5.2,-9.0,VCV,15,500,1:2,20
20.915432453155518,16.23,436.2,33.8,-13.3,VCV,15,500,1:2,20
21.165634393692017,14.2,377.1,37.9,-19.5,VCV,15,500,1:2,20
21.415611743927002,10.81,297.7,59.0,-22.5,VCV,15,500,1:2,20
21.667782068252563,7.95,212.8,59.6,-22.5,VCV,15,500,1:2,20
21.91796612739563,6.09,129.7,53.9,-20.5,VCV,15,500,1:2,20
22.16807770729065,3.73,67.8,57.5,-14.0,VCV,15,500,1:2,20
22.41822361946106,1.57,24.9,21.6,-9.5,VCV,15,500,1:2,20
22.66800332069397,0.61,3.7,44.0,7.9,VCV,15,500,1:2,20
22.918370723724365,0.3,52.2,29.0,20.2,VCV,15,500,1:2,20
23.168392419815063,0.11,164.3,31.8,45.0,VCV,15,500,1:2,20
23.418848037719727,5.72,326.8,19.0,45.0,VCV,15,500,1:2,20
23.671574115753174,14.02,444.0,3.8,21.2,VCV,15,500,1:2,20
23.921716690063477,21.88,494.8,46.4,8.2,VCV,15,500,1:2,20
24.17176342010498,22.35,474.5,58.5,-9.6,VCV,15,500,1:2,20
24.422041177749634,15.43,430.6,54.8,-14.1,VCV,15,500,1:2,20
24.671796560287476,11.65,367.8,56.9,-20.7,VCV,15,500,1:2,20
24.9220769405365,6.92,284.8,58.7,-22.5,VCV,15,500,1:2,20
25.174539804458618,5.2,199.8,62.5,-22.5,VCV,15,500,1:2,20
25.424497842788696,3.1,120.0,66.4,-19.4,VCV,15,500,1:2,20
25.674580097198486,1.81,60.9,59.8,-13.3,VCV,15,500,1:2,20
25.924696445465088,0.7,19.8,24.5,-9.0,VCV,15,500,1:2,20
26.174527645111084,0.36,0.0,42.3,0.0,VCV,15,500,1:2,20
26.424650192260742,0.11,0.0,48.7,0.0,VCV,15,500,1:2,20
26.674548864364624,-0.01,2.3,58.2,7.5,VCV,15,500,1:2,20
26.925188779830933,-0.04,49.4,35.8,19.5,VCV,15,500,1:2,20
27.177441358566284,-0.04,158.8,37.0,45.0,VCV,15,500,1:2,20
27.427462577819824,3.75,319.4,48.0,45.0,VCV,15,500,1:2,20
27.677748203277588,15.81,440.8,37.8,22.0,VCV,15,500,1:2,20
27.927891731262207,21.19,493.4,33.3,8.6,VCV,15,500,1:2,20
28.177961587905884,23.94,476.8,68.4,-9.3,VCV,15,500,1:2,20
28.43154501914978,16.52,433.8,51.7,-13.8,VCV,15,500,1:2,20
28.681684970855713,12.62,372.9,54.9,-20.2,VCV,15,500,1:2,20
28.93232750892639,10.17,290.8,56.2,-22.5,VCV,15,500,1:2,20
29.184542179107666,6.59,205.8,61.2,-22.5,VCV,15,500,1:2,20
29.434842348098755,4.61,124.6,60.8,-19.9,VCV,15,500,1:2,20
29.68482232093811,3.3,64.2,55.2,-13.6,VCV,15,500,1:2,20
29.93467664718628,2.82,21.7,20.8,-9.2,VCV,15,500,1:2,20
30.184789180755615,1.4,0.0,39.0,0.0,VCV,15,500,1:2,20
30.434879064559937,0.58,0.0,51.3,0.0,VCV,15,500,1:2,20
30.684951782226562,0.31,1.8,55.0,7.4,VCV,15,500,1:2,20
30.937456369400024,0.08,48.9,35.6,19.4,VCV,15,500,1:2,20
31.18757200241089,0.08,156.9,31.3,45.0,VCV,15,500,1:2,20
31.437809228897095,6.64,318.5,26.6,45.0,VCV,15,500,1:2,20
31.687916040420532,14.73,439.8,24.5,22.2,VCV,15,500,1:2,20
31.938061952590942,22.2,492.9,9.8,8.7,VCV,15,500,1:2,20
32.18810200691223,21.76,476.8,43.9,-9.3,VCV,15,500,1:2,20
32.44294714927673,13.38,434.3,50.6,-13.7,VCV,15,500,1:2,20
32.6905255317688,10.87,374.8,47.0,-20.0,VCV,15,500,1:2,20
32.940576791763306,8.89,292.6,54.1,-22.5,VCV,15,500,1:2,20
33.190510749816895,8.43,208.2,54.6,-22.5,VCV,15,500,1:2,20
33.44096398353577,8.75,126.5,57.0,-20.1,VCV,15,500,1:2,20
33.691378593444824,8.76,65.5,50.0,-13.7,VCV,15,500,1:2,20
33.941077709198,8.18,23.1,21.4,-9.3,VCV,15,500,1:2,20
34.18964195251465,6.8,0.0,41.9,0.0,VCV,15,500,1:2,20
34.442891359329224,4.12,0.0,47.1,0.0,VCV,15,500,1:2,20
34.692933320999146,2.6,1.4,50.5,7.3,VCV,15,500,1:2,20
34.942917346954346,1.7,46.6,30.0,18.8,VCV,15,500,1:2,20
35.192880392074585,1.0,151.8,21.5,45.0,VCV,15,500,1:2,20
35.44280767440796,5.97,315.7,30.0,45.0,VCV,15,500,1:2,20
35.69288754463196,17.02,437.5,81.2,22.8,VCV,15,500,1:2,20
35.94279336929321,21.77,492.0,4.8,8.9,VCV,15,500,1:2,20
36.19600510597229,24.57,477.7,-36.8,-9.2,VCV,15,500,1:2,20
36.44601845741272,15.95,435.2,13.5,-13.7,VCV,15,500,1:2,20
36.69622731208801,9.49,375.2,41.1,-19.9,VCV,15,500,1:2,20
36.94615030288696,6.75,293.5,53.4,-22.5,VCV,15,500,1:2,20
37.196134090423584,3.73,210.0,57.5,-22.5,VCV,15,500,1:2,20
37.44657564163208,2.3,127.4,54.0,-20.2,VCV,15,500,1:2,20
37.69909071922302,1.28,66.5,55.6,-13.8,VCV,15,500,1:2,20
37.949315786361694,0.89,23.1,21.0,-9.3,VCV,15,500,1:2,20
38.19914484024048,0.63,0.0,37.3,0.0,VCV,15,500,1:2,20
38.4491286277771,0.49,0.0,48.4,0.0,VCV,15,500,1:2,20
38.70132303237915,0.31,0.5,55.3,7.0,VCV,15,500,1:2,20
38.9491069316864,0.24,44.3,28.7,18.2,VCV,15,500,1:2,20
39.20365357398987,0.3,147.2,41.7,44.4,VCV,15,500,1:2,20
39.4534637928009,3.85,310.6,45.5,45.0,VCV,15,500,1:2,20
39.702369928359985,15.16,435.2,7.1,23.4,VCV,15,500,1:2,20
39.95258188247681,22.86,491.1,50.0,9.2,VCV,15,500,1:2,20
40.202521324157715,25.53,479.1,41.3,-9.1,VCV,15,500,1:2,20
40.45303750038147,13.87,437.5,50.6,-13.4,VCV,15,500,1:2,20
40.70549464225769,6.51,378.5,52.6,-19.6,VCV,15,500,1:2,20
40.95541286468506,3.67,297.2,55.1,-22.5,VCV,15,500,1:2,20
41.20535397529602,3.37,212.8,66.8,-22.5,VCV,15,500,1:2,20
41.45534944534302,8.47,130.2,63.1,-20.5,VCV,15,500,1:2,20
41.7055242061615,7.47,68.3,62.3,-14.0,VCV,15,500,1:2,20
41.95551061630249,5.73,24.5,29.3,-9.5,VCV,15,500,1:2,20
42.20536804199219,3.24,0.0,38.9,0.0,VCV,15,500,1:2,20
42.45583248138428,1.63,0.0,49.1,0.0,VCV,15,500,1:2,20
42.72526454925537,0.8,0.0,45.3,6.9,VCV,15,500,1:2,20
42.96294927597046,0.48,41.1,27.3,17.4,VCV,15,500,1:2,20
43.21300530433655,0.27,138.9,36.7,42.3,VCV,15,500,1:2,20
43.46289134025574,5.14,301.8,26.8,45.0,VCV,15,500,1:2,20
43.7202627658844,16.49,432.0,11.3,24.2,VCV,15,500,1:2,20
43.96614646911621,21.41,489.2,13.0,9.6,VCV,15,500,1:2,20
44.21612811088562,24.49,479.5,-31.3,-9.0,VCV,15,500,1:2,20
44.46610379219055,15.53,438.0,-4.2,-13.3,VCV,15,500,1:2,20
44.72114825248718,8.11,378.5,24.7,-19.5,VCV,15,500,1:2,20
44.96714520454407,4.99,299.1,50.7,-22.5,VCV,15,500,1:2,20
45.21594834327698,2.27,214.6,56.3,-22.5,VCV,15,500,1:2,20
45.46920466423035,1.67,131.1,55.5,-20.6,VCV,15,500,1:2,20
45.723241329193115,0.83,68.3,51.6,-14.0,VCV,15,500,1:2,20
45.969128370285034,0.28,24.5,24.5,-9.5,VCV,15,500,1:2,20
46.21897029876709,0.04,0.0,40.8,0.0,VCV,15,500,1:2,20
46.46894836425781,-0.03,0.0,49.4,0.0,VCV,15,500,1:2,20
46.747336626052856,-0.08,0.0,49.4,6.9,VCV,15,500,1:2,20
46.98509168624878,-0.09,41.1,42.3,17.4,VCV,15,500,1:2,20
47.235060930252075,-0.06,138.9,35.9,42.3,VCV,15,500,1:2,20
47.48499631881714,2.33,301.8,29.8,45.0,VCV,15,500,1:2,20
47.73905110359192,13.57,431.5,-66.5,24.3,VCV,15,500,1:2,20
47.988298416137695,21.55,488.8,17.8,9.7,VCV,15,500,1:2,20
48.23816895484924,24.07,479.5,-8.3,-9.0,VCV,15,500,1:2,20
48.48814535140991,17.94,438.5,7.7,-13.3,VCV,15,500,1:2,20
48.74217343330383,9.48,378.9,31.7,-19.5,VCV,15,500,1:2,20
48.98802900314331,3.89,299.1,45.9,-22.5,VCV,15,500,1:2,20
49.23799109458923,2.02,215.1,58.2,-22.5,VCV,15,500,1:2,20
49.4880154132843,0.92,132.5,63.9,-20.7,VCV,15,500,1:2,20
49.74530482292175,0.21,69.2,61.5,-14.1,VCV,15,500,1:2,20
49.99119186401367,0.06,25.4,20.8,-9.6,VCV,15,500,1:2,20
50.241440296173096,0.24,0.0,33.5,0.0,VCV,15,500,1:2,20
50.491575479507446,0.21,0.0,37.6,0.0,VCV,15,500,1:2,20
50.769920110702515,0.15,0.0,52.1,6.9,VCV,15,500,1:2,20
51.007094860076904,0.13,41.1,34.0,17.4,VCV,15,500,1:2,20
51.25709390640259,0.09,138.9,41.6,42.3,VCV,15,500,1:2,20
51.50700879096985,4.48,301.4,37.7,45.0,VCV,15,500,1:2,20
51.757073163986206,12.19,431.1,-22.7,24.5,VCV,15,500,1:2,20
52.01030945777893,20.84,488.8,15.8,9.7,VCV,15,500,1:2,20
52.26024913787842,24.21,480.0,-11.7,-8.9,VCV,15,500,1:2,20
52.51025390625,16.03,438.5,31.3,-13.3,VCV,15,500,1:2,20
52.760212898254395,10.31,379.4,39.6,-19.4,VCV,15,500,1:2,20
53.010109663009644,5.12,299.5,54.9,-22.5,VCV,15,500,1:2,20
53.26005244255066,2.59,215.1,55.1,-22.5,VCV,15,500,1:2,20
53.51007318496704,1.67,132.5,58.9,-20.7,VCV,15,500,1:2,20
53.763296365737915,0.94,69.7,59.4,-14.2,VCV,15,500,1:2,20
54.01351571083069,0.53,25.4,25.3,-9.6,VCV,15,500,1:2,20
54.263378381729126,0.32,0.0,37.4,0.0,VCV,15,500,1:2,20
54.51332664489746,0.21,0.0,53.3,0.0,VCV,15,500,1:2,20
54.79147720336914,0.01,0.0,43.4,6.9,VCV,15,500,1:2,20
55.0291862487793,-0.03,41.1,26.6,17.4,VCV,15,500,1:2,20
55.279151916503906,0.03,138.9,30.4,42.3,VCV,15,500,1:2,20
55.529093742370605,2.83,301.8,23.1,45.0,VCV,15,500,1:2,20
55.78401446342468,14.02,431.5,28.6,24.3,VCV,15,500,1:2,20
56.029088497161865,21.87,488.3,4.7,9.9,VCV,15,500,1:2,20
56.282307863235474,24.18,479.5,-38.5,-9.0,VCV,15,500,1:2,20
56.532352685928345,18.02,438.0,-45.7,-13.3,VCV,15,500,1:2,20
56.786317586898804,9.01,378.0,20.0,-19.6,VCV,15,500,1:2,20
57.03218483924866,4.19,297.7,44.7,-22.5,VCV,15,500,1:2,20
57.2821261882782,2.52,213.2,57.9,-22.5,VCV,15,500,1:2,20
57.532124519348145,1.12,130.2,58.6,-20.5,VCV,15,500,1:2,20
57.786128997802734,0.48,67.8,59.1,-14.0,VCV,15,500,1:2,20
58.03231191635132,0.19,24.5,26.9,-9.5,VCV,15,500,1:2,20
58.28212285041809,0.13,0.0,40.4,0.0,VCV,15,500,1:2,20
58.535117864608765,0.11,0.0,51.4,0.0,VCV,15,500,1:2,20
58.789408445358276,0.1,0.0,57.8,0.0,VCV,15,500,1:2,20
59.0351243019104,0.06,36.5,36.8,16.2,VCV,15,500,1:2,20
59.28514552116394,0.05,129.2,39.9,39.9,VCV,15,500,1:2,20
59.535043478012085,3.93,291.2,47.5,45.0,VCV,15,500,1:2,20
59.79050946235657,15.49,426.5,8.4,25.6,VCV,15,500,1:2,20
60.03831434249878,20.62,486.9,39.2,10.2,VCV,15,500,1:2,20
60.288241147994995,24.22,483.7,46.2,-8.6,VCV,15,500,1:2,20
60.53829836845398,16.53,444.0,46.3,-12.7,VCV,15,500,1:2,20
60.78819417953491,10.46,387.7,35.9,-18.6,VCV,15,500,1:2,20
61.03886604309082,4.78,310.6,46.6,-22.5,VCV,15,500,1:2,20
61.289021015167236,2.04,226.2,59.2,-22.5,VCV,15,500,1:2,20
61.53832817077637,1.13,142.2,55.8,-21.7,VCV,15,500,1:2,20
61.79131746292114,0.43,76.6,58.4,-14.9,VCV,15,500,1:2,20
62.04127883911133,0.21,30.5,25.5,-10.1,VCV,15,500,1:2,20
62.29109811782837,0.27,0.0,36.0,0.0,VCV,15,500,1:2,20
62.54107332229614,0.59,0.0,49.7,0.0,VCV,15,500,1:2,20
62.79101204872131,1.96,0.0,52.0,0.0,VCV,15,500,1:2,20
63.041051387786865,3.5,31.8,41.8,15.0,VCV,15,500,1:2,20
63.29134225845337,2.51,119.1,34.8,37.3,VCV,15,500,1:2,20
63.54455852508545,2.47,277.8,25.7,45.0,VCV,15,500,1:2,20
63.79459190368652,11.74,418.6,-26.7,27.6,VCV,15,500,1:2,20
64.0445454120636,20.81,483.7,-28.2,11.0,VCV,15,500,1:2,20
64.29441404342651,24.0,485.1,3.7,-8.5,VCV,15,500,1:2,20
64.54447746276855,18.58,445.4,36.0,-12.6,VCV,15,500,1:2,20
64.79442262649536,10.67,389.1,33.9,-18.5,VCV,15,500,1:2,20
65.04430818557739,7.31,311.1,58.7,-22.5,VCV,15,500,1:2,20
65.29757499694824,6.01,226.2,57.3,-22.5,VCV,15,500,1:2,20
65.54757404327393,3.85,142.6,54.9,-21.8,VCV,15,500,1:2,20
65.79751300811768,2.35,77.1,52.7,-15.0,VCV,15,500,1:2,20
66.04747939109802,0.93,30.9,26.0,-10.1,VCV,15,500,1:2,20
66.2973268032074,0.31,0.0,38.1,0.0,VCV,15,500,1:2,20
66.54820656776428,0.06,0.0,45.6,0.0,VCV,15,500,1:2,20
66.79839062690735,-0.03,0.0,51.6,0.0,VCV,15,500,1:2,20
67.05057740211487,-0.07,30.0,47.6,14.6,VCV,15,500,1:2,20
67.3005907535553,-0.09,112.2,38.2,35.5,VCV,15,500,1:2,20
67.55049157142639,1.56,267.7,31.6,45.0,VCV,15,500,1:2,20
67.80054187774658,8.85,411.7,12.1,29.4,VCV,15,500,1:2,20
68.05049729347229,21.11,480.9,36.2,11.7,VCV,15,500,1:2,20
68.30041003227234,26.31,486.9,55.6,-8.2,VCV,15,500,1:2,20
68.55041265487671,17.53,449.1,44.5,-12.2,VCV,15,500,1:2,20
68.8036630153656,12.79,394.6,53.9,-17.8,VCV,15,500,1:2,20
69.05356097221375,7.42,318.0,53.4,-22.5,VCV,15,500,1:2,20
69.30351543426514,5.16,234.9,63.2,-22.5,VCV,15,500,1:2,20
69.55348253250122,3.14,150.0,64.0,-22.5,VCV,15,500,1:2,20
69.80343103408813,1.26,82.2,65.8,-15.5,VCV,15,500,1:2,20
70.0534279346466,0.5,34.2,40.8,-10.5,VCV,15,500,1:2,20
70.30336713790894,0.25,1.4,33.3,-7.1,VCV,15,500,1:2,20
70.55351305007935,0.31,0.0,47.9,0.0,VCV,15,500,1:2,20
70.80648303031921,0.36,0.0,55.7,0.0,VCV,15,500,1:2,20
71.0565037727356,0.42,27.2,43.8,13.9,VCV,15,500,1:2,20
71.3065345287323,0.41,108.5,27.9,34.6,VCV,15,500,1:2,20
71.56024050712585,2.18,262.6,40.5,45.0,VCV,15,500,1:2,20
71.81001019477844,13.83,408.5,38.9,30.2,VCV,15,500,1:2,20
72.06040358543396,21.99,480.0,29.0,12.0,VCV,15,500,1:2,20
72.31105279922485,28.21,487.8,37.5,-8.2,VCV,15,500,1:2,20
72.56045842170715,20.24,450.0,23.3,-12.1,VCV,15,500,1:2,20
72.81074905395508,10.44,396.0,28.4,-17.7,VCV,15,500,1:2,20
73.06331157684326,6.4,319.8,48.2,-22.5,VCV,15,500,1:2,20
73.31328845024109,3.31,234.9,61.9,-22.5,VCV,15,500,1:2,20
73.56328916549683,1.8,151.4,63.2,-22.5,VCV,15,500,1:2,20
73.81322050094604,0.9,82.6,47.8,-15.5,VCV,15,500,1:2,20
74.06321406364441,0.64,34.2,32.9,-10.5,VCV,15,500,1:2,20
74.3133978843689,0.51,1.4,25.0,-7.1,VCV,15,500,1:2,20
74.56418204307556,0.35,0.0,38.9,0.0,VCV,15,500,1:2,20
74.8148922920227,0.25,0.0,44.3,0.0,VCV,15,500,1:2,20
75.09524655342102,0.13,25.4,44.4,13.4,VCV,15,500,1:2,20
75.34521579742432,0.06,103.8,27.5,33.4,VCV,15,500,1:2,20
75.59515571594238,2.71,256.6,34.8,45.0,VCV,15,500,1:2,20
75.8451759815216,15.26,402.5,33.3,31.8,VCV,15,500,1:2,20
76.09842467308044,23.05,476.8,21.6,12.8,VCV,15,500,1:2,20
76.3483464717865,28.11,489.7,45.2,-8.0,VCV,15,500,1:2,20
76.59838271141052,21.48,452.8,49.9,-11.8,VCV,15,500,1:2,20
76.84828662872314,9.65,400.2,55.2,-17.3,VCV,15,500,1:2,20
77.09823322296143,4.41,324.5,62.1,-22.5,VCV,15,500,1:2,20
77.34818315505981,2.65,240.0,63.6,-22.5,VCV,15,500,1:2,20
77.59925532341003,6.79,155.1,72.0,-22.5,VCV,15,500,1:2,20
77.85004830360413,7.48,85.4,64.4,-15.8,VCV,15,500,1:2,20
78.10139179229736,6.42,36.0,32.3,-10.7,VCV,15,500,1:2,20
78.35129618644714,5.43,2.8,33.7,-7.2,VCV,15,500,1:2,20
78.60118746757507,4.49,0.0,50.3,0.0,VCV,15,500,1:2,20
78.85116291046143,2.7,0.0,55.5,0.0,VCV,15,500,1:2,20
79.10498762130737,1.24,23.5,43.1,12.9,VCV,15,500,1:2,20
79.35499882698059,0.54,100.6,27.0,32.6,VCV,15,500,1:2,20
79.60494875907898,1.91,252.9,33.6,45.0,VCV,15,500,1:2,20
79.85528492927551,12.26,403.4,-26.5,31.5,VCV,15,500,1:2,20
80.10558748245239,21.5,477.2,19.5,12.7,VCV,15,500,1:2,20
80.35509634017944,24.43,491.5,49.7,-7.8,VCV,15,500,1:2,20
80.6081030368805,20.25,455.1,17.0,-11.6,VCV,15,500,1:2,20
80.85809421539307,10.89,402.5,43.5,-17.1,VCV,15,500,1:2,20
81.1079888343811,5.51,328.6,58.2,-22.5,VCV,15,500,1:2,20
81.35797762870789,3.56,244.2,60.0,-22.5,VCV,15,500,1:2,20
81.60817408561707,2.55,158.8,58.8,-22.5,VCV,15,500,1:2,20
81.85815024375916,2.74,88.2,56.1,-16.1,VCV,15,500,1:2,20
82.1084246635437,2.91,37.8,29.1,-10.9,VCV,15,500,1:2,20
82.36106562614441,4.3,3.7,30.0,-7.3,VCV,15,500,1:2,20
82.61094760894775,2.01,0.0,46.9,0.0,VCV,15,500,1:2,20
82.86091732978821,1.07,0.0,54.1,0.0,VCV,15,500,1:2,20
83.11139822006226,0.39,20.8,64.5,12.2,VCV,15,500,1:2,20
83.36235809326172,0.11,93.2,28.0,30.7,VCV,15,500,1:2,20
83.6111352443695,0.53,238.6,26.4,45.0,VCV,15,500,1:2,20
83.86143255233765,6.06,393.2,29.2,34.1,VCV,15,500,1:2,20
84.11419725418091,18.38,473.1,-38.9,13.7,VCV,15,500,1:2,20
84.36410427093506,25.05,492.5,-21.9,-7.7,VCV,15,500,1:2,20
84.61408162117004,17.55,456.5,24.0,-11.4,VCV,15,500,1:2,20
84.86404180526733,13.6,405.2,43.1,-16.8,VCV,15,500,1:2,20
85.11423444747925,9.04,331.8,45.8,-22.5,VCV,15,500,1:2,20
85.36416101455688,7.12,247.4,59.0,-22.5,VCV,15,500,1:2,20
85.61413025856018,4.53,163.8,60.2,-22.5,VCV,15,500,1:2,20
85.86441493034363,2.85,91.4,60.3,-16.4,VCV,15,500,1:2,20
86.11712837219238,1.92,40.6,33.4,-11.2,VCV,15,500,1:2,20
86.36703181266785,1.48,5.5,30.7,-7.5,VCV,15,500,1:2,20
86.61691308021545,1.06,0.0,48.4,0.0,VCV,15,500,1:2,20
86.86712908744812,0.81,0.0,46.1,0.0,VCV,15,500,1:2,20
87.11715722084045,0.72,19.4,56.1,11.9,VCV,15,500,1:2,20
87.36714506149292,0.62,89.1,34.0,29.6,VCV,15,500,1:2,20
87.62112307548523,3.23,234.0,36.2,45.0,VCV,15,500,1:2,20
87.87014889717102,12.57,387.2,42.7,35.6,VCV,15,500,1:2,20
88.12010884284973,19.55,469.8,4.7,14.6,VCV,15,500,1:2,20
88.37002205848694,24.95,493.4,43.3,-7.5,VCV,15,500,1:2,20
88.62534880638123,19.03,457.4,51.9,-11.3,VCV,15,500,1:2,20
88.8714554309845,12.03,407.5,47.5,-16.4,VCV,15,500,1:2,20
89.12016224861145,8.87,335.5,47.8,-22.5,VCV,15,500,1:2,20
89.37047791481018,6.2,251.1,52.8,-22.5,VCV,15,500,1:2,20
89.62586855888367,4.36,166.2,56.5,-22.5,VCV,15,500,1:2,20
89.87305450439453,3.54,94.6,60.8,-16.8,VCV,15,500,1:2,20
90.12304282188416,2.72,42.9,36.7,-11.4,VCV,15,500,1:2,20
90.37323355674744,2.49,6.9,26.9,-7.6,VCV,15,500,1:2,20
90.62716174125671,3.05,0.0,51.7,0.0,VCV,15,500,1:2,20
90.87309455871582,3.87,0.0,50.0,0.0,VCV,15,500,1:2,20
91.12307977676392,4.07,16.6,56.0,11.2,VCV,15,500,1:2,20
91.37309217453003,4.08,84.5,32.5,28.5,VCV,15,500,1:2,20
91.62368273735046,4.0,226.6,40.2,45.0,VCV,15,500,1:2,20
91.87612414360046,11.19,383.5,-13.7,36.6,VCV,15,500,1:2,20
92.12634778022766,20.94,468.9,-13.4,14.8,VCV,15,500,1:2,20
92.37826132774353,25.83,494.8,21.7,-7.5,VCV,15,500,1:2,20
92.62650108337402,21.78,459.2,21.0,-11.2,VCV,15,500,1:2,20
92.87951064109802,14.65,408.9,45.1,-16.4,VCV,15,500,1:2,20
93.12943482398987,10.69,338.3,58.6,-22.5,VCV,15,500,1:2,20
93.37938594818115,8.51,253.8,53.1,-22.5,VCV,15,500,1:2,20
93.62931656837463,6.38,169.4,63.3,-22.5,VCV,15,500,1:2,20
93.87929224967957,5.21,95.5,56.7,-16.9,VCV,15,500,1:2,20
94.1307852268219,4.03,43.8,36.9,-11.5,VCV,15,500,1:2,20
94.38093709945679,3.41,7.8,34.0,-7.7,VCV,15,500,1:2,20
94.62935304641724,2.97,0.0,38.0,0.0,VCV,15,500,1:2,20
94.88056421279907,2.9,0.0,47.9,0.0,VCV,15,500,1:2,20
95.13639545440674,1.07,16.2,55.4,11.0,VCV,15,500,1:2,20
95.38231444358826,0.56,81.7,24.5,27.7,VCV,15,500,1:2,20
95.63226580619812,0.66,222.9,33.3,45.0,VCV,15,500,1:2,20
95.88253879547119,5.78,381.2,16.3,37.2,VCV,15,500,1:2,20
96.13660430908203,18.92,468.0,-0.2,15.0,VCV,15,500,1:2,20
96.38377904891968,26.67,496.6,32.4,-7.3,VCV,15,500,1:2,20
96.63545227050781,19.47,462.0,36.4,-10.9,VCV,15,500,1:2,20
96.88544750213623,13.29,412.6,34.9,-16.0,VCV,15,500,1:2,20
97.13943433761597,10.61,342.0,52.2,-22.5,VCV,15,500,1:2,20
97.38532733917236,10.35,258.9,57.7,-22.5,VCV,15,500,1:2,20
97.63553309440613,9.54,174.0,58.7,-22.5,VCV,15,500,1:2,20
97.88554167747498,8.08,98.8,59.8,-17.2,VCV,15,500,1:2,20
98.14108061790466,6.78,45.7,38.4,-11.7,VCV,15,500,1:2,20
98.38844180107117,6.01,9.7,25.2,-7.9,VCV,15,500,1:2,20
98.63828659057617,5.16,0.0,34.0,0.0,VCV,15,500,1:2,20
98.888267993927,2.65,0.0,44.6,0.0,VCV,15,500,1:2,20
99.13828659057617,1.03,13.8,43.6,10.5,VCV,15,500,1:2,20
99.38853144645691,0.52,77.1,15.9,26.6,VCV,15,500,1:2,20
99.63963031768799,0.3,211.4,27.6,45.0,VCV,15,500,1:2,20
99.88845491409302,7.09,372.0,6.2,39.5,VCV,15,500,1:2,20
100.14150190353394,19.18,463.8,51.7,16.1,VCV,15,500,1:2,20
100.39138507843018,23.95,498.0,52.1,-7.1,VCV,15,500,1:2,20
100.64139652252197,20.37,464.8,84.2,-10.6,VCV,15,500,1:2,20
100.89139533042908,13.1,417.2,72.1,-15.5,VCV,15,500,1:2,20
101.14158391952515,11.91,348.0,61.0,-22.5,VCV,15,500,1:2,20
101.39150524139404,10.26,263.5,67.9,-22.5,VCV,15,500,1:2,20
101.64146542549133,9.25,180.9,56.4,-22.5,VCV,15,500,1:2,20
101.89192295074463,7.61,104.8,53.6,-17.8,VCV,15,500,1:2,20
102.14444756507874,6.65,49.8,39.4,-12.1,VCV,15,500,1:2,20
102.39439821243286,5.53,12.0,16.5,-8.2,VCV,15,500,1:2,20
102.64423155784607,4.6,0.0,36.5,0.0,VCV,15,500,1:2,20
102.89445757865906,2.92,0.0,53.4,0.0,VCV,15,500,1:2,20
103.1444787979126,1.17,11.5,58.0,9.9,VCV,15,500,1:2,20
103.3944799900055,0.44,71.1,26.2,25.0,VCV,15,500,1:2,20
103.6448483467102,0.27,203.5,26.1,45.0,VCV,15,500,1:2,20
103.89848017692566,4.99,366.0,21.0,41.1,VCV,15,500,1:2,20
104.14744281768799,17.6,460.2,23.1,17.0,VCV,15,500,1:2,20
104.39914417266846,25.09,498.9,43.9,-7.0,VCV,15,500,1:2,20
104.64764475822449,23.62,465.7,-17.9,-10.5,VCV,15,500,1:2,20
104.9026608467102,15.6,418.6,25.9,-15.4,VCV,15,500,1:2,20
105.14755749702454,11.41,352.6,53.6,-22.3,VCV,15,500,1:2,20
105.39745759963989,8.61,267.7,60.2,-22.5,VCV,15,500,1:2,20
105.64789199829102,7.46,183.2,55.0,-22.5,VCV,15,500,1:2,20
105.90447688102722,6.43,105.7,61.5,-17.9,VCV,15,500,1:2,20
106.15036129951477,5.64,50.8,46.4,-12.2,VCV,15,500,1:2,20
106.40061020851135,4.5,12.9,31.2,-8.3,VCV,15,500,1:2,20
106.650710105896,2.04,0.0,47.6,0.0,VCV,15,500,1:2,20
106.90447902679443,0.81,0.0,47.9,0.0,VCV,15,500,1:2,20
107.15422749519348,0.27,10.6,59.7,9.6,VCV,15,500,1:2,20
107.40422773361206,0.12,69.2,30.5,24.6,VCV,15,500,1:2,20
107.65419030189514,0.22,199.8,35.3,45.0,VCV,15,500,1:2,20
107.9046950340271,7.04,362.8,12.8,41.9,VCV,15,500,1:2,20
108.1551628112793,19.36,458.8,18.9,17.4,VCV,15,500,1:2,20
108.41238164901733,24.82,499.8,3.6,-6.9,VCV,15,500,1:2,20
108.65767312049866,21.83,467.5,25.8,-10.3,VCV,15,500,1:2,20
108.90763568878174,15.81,420.9,42.5,-15.1,VCV,15,500,1:2,20
109.15814971923828,12.46,355.4,55.2,-22.0,VCV,15,500,1:2,20
109.40864038467407,10.42,271.4,54.6,-22.5,VCV,15,500,1:2,20
109.66049933433533,9.26,186.9,47.9,-22.5,VCV,15,500,1:2,20
109.9104733467102,8.39,109.4,55.2,-18.3,VCV,15,500,1:2,20
110.16160035133362,7.3,54.0,43.0,-12.5,VCV,15,500,1:2,20
110.41163492202759,5.8,14.8,16.2,-8.5,VCV,15,500,1:2,20
110.66047930717468,3.7,0.0,43.3,0.0,VCV,15,500,1:2,20
110.91049194335938,1.65,0.0,50.1,0.0,VCV,15,500,1:2,20
111.16044974327087,0.66,8.8,54.5,9.2,VCV,15,500,1:2,20
111.41399478912354,0.23,63.7,29.2,23.2,VCV,15,500,1:2,20
111.66371512413025,0.21,188.8,37.0,45.0,VCV,15,500,1:2,20
111.9136962890625,6.01,352.2,11.6,44.6,VCV,15,500,1:2,20
112.16407990455627,18.47,455.5,86.6,18.2,VCV,15,500,1:2,20
112.41749167442322,25.67,499.8,13.8,6.9,VCV,15,500,1:2,20
112.66718411445618,24.59,468.9,80.2,-10.1,VCV,15,500,1:2,20
112.91716718673706,15.69,423.2,55.7,-14.9,VCV,15,500,1:2,20
113.16711592674255,11.03,357.2,63.3,-21.8,VCV,15,500,1:2,20
113.4170093536377,8.91,273.7,61.4,-22.5,VCV,15,500,1:2,20
113.6669545173645,7.66,189.2,58.8,-22.5,VCV,15,500,1:2,20
113.9202344417572,6.35,110.3,54.3,-18.4,VCV,15,500,1:2,20
114.17020010948181,5.72,53.5,39.4,-12.5,VCV,15,500,1:2,20
114.42015528678894,4.77,14.3,24.4,-8.4,VCV,15,500,1:2,20
114.66999459266663,3.91,0.0,36.2,0.0,VCV,15,500,1:2,20
114.91995573043823,2.51,0.0,51.8,0.0,VCV,15,500,1:2,20
115.16995358467102,1.4,7.4,55.4,8.8,VCV,15,500,1:2,20
115.41995787620544,0.56,60.5,34.3,22.3,VCV,15,500,1:2,20
115.67451095581055,0.35,182.3,39.6,45.0,VCV,15,500,1:2,20
115.92428493499756,8.23,345.2,41.9,45.0,VCV,15,500,1:2,20
116.1743369102478,17.88,452.3,22.0,19.0,VCV,15,500,1:2,20
116.42438101768494,25.53,498.0,91.3,7.4,VCV,15,500,1:2,20
116.67529916763306,21.85,470.3,47.1,-10.0,VCV,15,500,1:2,20
116.9266414642334,17.23,424.6,54.4,-14.8,VCV,15,500,1:2,20
117.1766095161438,13.07,360.0,49.1,-21.5,VCV,15,500,1:2,20
117.42677736282349,9.8,275.5,58.2,-22.5,VCV,15,500,1:2,20
117.67701411247253,6.71,200.8,61.7,-22.5,VCV,15,500,1:2,20
117.92739677429199,5.15,120.0,66.1,-19.4,VCV,15,500,1:2,20
118.17776536941528,3.19,60.5,57.1,-13.2,VCV,15,500,1:2,20
118.42992234230042,1.98,19.4,21.5,-8.9,VCV,15,500,1:2,20
118.67975783348083,1.45,0.0,39.2,0.0,VCV,15,500,1:2,20
118.92973613739014,1.16,0.0,45.2,0.0,VCV,15,500,1:2,20
119.17973351478577,0.54,6.0,43.8,8.5,VCV,15,500,1:2,20
119.42998600006104,0.29,57.7,22.5,21.6,VCV,15,500,1:2,20
119.67995262145996,0.65,176.3,34.1,45.0,VCV,15,500,1:2,20
119.93128728866577,7.59,337.8,28.7,45.0,VCV,15,500,1:2,20
120.18299221992493,18.69,448.6,19.1,20.0,VCV,15,500,1:2,20
120.43293404579163,23.04,496.6,66.5,7.7,VCV,15,500,1:2,20
120.68282532691956,24.39,472.6,2.9,-9.8,VCV,15,500,1:2,20
120.93314290046692,15.89,428.3,33.2,-14.4,VCV,15,500,1:2,20
121.18639254570007,10.62,364.2,46.9,-21.1,VCV,15,500,1:2,20
121.43628454208374,6.99,280.6,57.9,-22.5,VCV,15,500,1:2,20
121.68653988838196,3.35,196.6,55.1,-22.5,VCV,15,500,1:2,20
121.93683695793152,1.49,117.7,61.2,-19.2,VCV,15,500,1:2,20
122.18617105484009,0.86,58.6,51.6,-13.0,VCV,15,500,1:2,20
122.4361310005188,0.35,18.0,22.6,-8.8,VCV,15,500,1:2,20
122.68598437309265,0.12,0.0,41.4,0.0,VCV,15,500,1:2,20
122.93640637397766,0.01,0.0,53.9,0.0,VCV,15,500,1:2,20
123.18619632720947,-0.02,4.2,51.4,8.0,VCV,15,500,1:2,20
123.43923330307007,-0.04,54.5,27.4,20.8,VCV,15,500,1:2,20
123.68922567367554,-0.04,169.8,33.8,45.0,VCV,15,500,1:2,20
123.93917393684387,8.33,330.9,37.6,45.0,VCV,15,500,1:2,20
124.18920397758484,16.51,446.3,50.1,20.6,VCV,15,500,1:2,20
124.43915820121765,23.55,495.7,62.7,8.0,VCV,15,500,1:2,20
124.68931126594543,25.52,474.9,9.4,-9.5,VCV,15,500,1:2,20
124.94235920906067,17.06,432.5,31.7,-13.9,VCV,15,500,1:2,20
125.19230961799622,10.59,371.1,47.2,-20.3,VCV,15,500,1:2,20
125.4422378540039,8.35,288.9,56.3,-22.5,VCV,15,500,1:2,20
125.69219493865967,7.33,204.5,57.1,-22.5,VCV,15,500,1:2,20
125.94218254089355,4.77,124.2,58.3,-19.9,VCV,15,500,1:2,20
126.19213342666626,1.93,64.2,64.4,-13.6,VCV,15,500,1:2,20
126.44253492355347,1.02,21.7,24.3,-9.2,VCV,15,500,1:2,20
126.69218492507935,0.33,0.0,41.6,0.0,VCV,15,500,1:2,20
126.94250273704529,0.07,0.0,46.0,0.0,VCV,15,500,1:2,20
127.1953763961792,-0.04,1.8,46.0,7.4,VCV,15,500,1:2,20
127.44568109512329,-0.08,48.9,25.2,19.4,VCV,15,500,1:2,20
127.69516134262085,-0.09,157.4,28.4,45.0,VCV,15,500,1:2,20
127.94510841369629,2.72,318.0,21.9,45.0,VCV,15,500,1:2,20
128.19538569450378,15.32,440.3,-27.0,22.1,VCV,15,500,1:2,20
128.44868540763855,21.74,493.4,-15.8,8.6,VCV,15,500,1:2,20
128.69856023788452,25.46,475.8,22.4,-9.4,VCV,15,500,1:2,20
128.9524040222168,15.72,431.5,37.2,-14.0,VCV,15,500,1:2,20
129.20237612724304,12.48,369.2,49.7,-20.5,VCV,15,500,1:2,20
129.45225739479065,8.84,286.2,54.6,-22.5,VCV,15,500,1:2,20
129.70224261283875,6.2,201.2,61.5,-22.5,VCV,15,500,1:2,20
129.95231246948242,3.28,121.4,58.7,-19.6,VCV,15,500,1:2,20
130.20267963409424,1.8,61.8,55.6,-13.4,VCV,15,500,1:2,20
130.45306634902954,0.65,20.3,22.6,-9.0,VCV,15,500,1:2,20
130.70223307609558,0.31,0.0,40.7,0.0,VCV,15,500,1:2,20
130.95522499084473,0.07,0.0,52.6,0.0,VCV,15,500,1:2,20
131.2052240371704,-0.07,1.4,52.6,7.3,VCV,15,500,1:2,20
131.45528292655945,-0.13,46.2,39.7,18.7,VCV,15,500,1:2,20
131.70520281791687,-0.12,152.3,40.9,45.0,VCV,15,500,1:2,20
131.9554159641266,1.3,314.3,23.1,45.0,VCV,15,500,1:2,20
132.20577144622803,12.66,438.0,1.4,22.7,VCV,15,500,1:2,20
132.4584379196167,21.64,492.5,31.2,8.8,VCV,15,500,1:2,20
132.70870685577393,25.3,477.7,23.2,-9.2,VCV,15,500,1:2,20
132.95890974998474,17.23,435.7,34.6,-13.6,VCV,15,500,1:2,20
133.2083282470703,11.35,374.8,47.4,-20.0,VCV,15,500,1:2,20
133.4582154750824,7.79,293.5,48.9,-22.5,VCV,15,500,1:2,20
133.70846891403198,4.6,208.6,55.1,-22.5,VCV,15,500,1:2,20
133.9617567062378,3.42,135.2,52.7,-21.0,VCV,15,500,1:2,20
134.21175527572632,2.21,71.1,55.7,-14.3,VCV,15,500,1:2,20
134.46162509918213,1.19,27.2,27.0,-9.8,VCV,15,500,1:2,20
134.71149921417236,0.42,0.0,30.4,0.0,VCV,15,500,1:2,20
134.96557688713074,0.09,31.4,37.4,14.9,VCV,15,500,1:2,20
135.2115547657013,-0.0,114.9,39.4,36.2,VCV,15,500,1:2,20
135.4614589214325,0.42,271.4,20.1,45.0,VCV,15,500,1:2,20
135.71476221084595,10.21,414.9,15.0,28.6,VCV,15,500,1:2,20
135.96472144126892,18.18,482.3,-1.1,11.4,VCV,15,500,1:2,20
136.21459126472473,26.03,486.5,4.3,-8.3,VCV,15,500,1:2,20
136.46465682983398,19.09,448.2,14.5,-12.3,VCV,15,500,1:2,20
136.7146303653717,11.89,393.2,34.6,-18.0,VCV,15,500,1:2,20
136.9645175933838,9.38,316.2,45.4,-22.5,VCV,15,500,1:2,20
137.21455001831055,7.07,233.1,54.9,-22.5,VCV,15,500,1:2,20
137.46777200698853,5.68,148.2,61.8,-22.4,VCV,15,500,1:2,20
137.7176787853241,5.21,80.8,55.0,-15.3,VCV,15,500,1:2,20
137.96765637397766,5.22,32.8,26.0,-10.3,VCV,15,500,1:2,20
138.2183825969696,5.26,0.5,41.1,-7.0,VCV,15,500,1:2,20
138.46810054779053,3.2,0.0,53.2,0.0,VCV,15,500,1:2,20
138.71743440628052,1.76,0.0,47.0,0.0,VCV,15,500,1:2,20
138.967431306839,0.64,28.2,46.2,14.1,VCV,15,500,1:2,20
139.21795558929443,0.22,110.8,30.6,35.2,VCV,15,500,1:2,20
139.47066497802734,0.9,263.5,16.0,45.0,VCV,15,500,1:2,20
139.72070598602295,7.46,409.4,-10.3,30.0,VCV,15,500,1:2,20
139.97072219848633,18.76,480.0,12.5,12.0,VCV,15,500,1:2,20
140.22056341171265,24.49,488.3,-0.4,-8.1,VCV,15,500,1:2,20
140.47058701515198,16.76,451.4,-7.6,-12.0,VCV,15,500,1:2,20
140.72057271003723,13.05,397.8,36.1,-17.5,VCV,15,500,1:2,20
140.9710454940796,11.07,321.2,57.4,-22.5,VCV,15,500,1:2,20
141.2237102985382,9.16,236.8,54.9,-22.5,VCV,15,500,1:2,20
141.47366309165955,4.95,154.2,51.2,-22.5,VCV,15,500,1:2,20
141.72363018989563,2.54,84.5,46.7,-15.7,VCV,15,500,1:2,20
141.97363018989563,1.22,35.5,25.6,-10.6,VCV,15,500,1:2,20
142.22352147102356,0.78,2.3,23.0,-7.2,VCV,15,500,1:2,20
142.47340488433838,0.23,0.0,36.5,0.0,VCV,15,500,1:2,20
142.72378730773926,-0.01,0.0,47.1,0.0,VCV,15,500,1:2,20
142.97367811203003,-0.08,25.8,41.9,13.5,VCV,15,500,1:2,20
143.22673058509827,-0.09,103.8,31.1,33.4,VCV,15,500,1:2,20
143.47662711143494,0.07,256.6,21.2,45.0,VCV,15,500,1:2,20
143.72716093063354,8.23,390.9,-5.8,34.7,VCV,15,500,1:2,20
143.97743701934814,16.48,472.2,19.9,14.0,VCV,15,500,1:2,20
144.2265009880066,25.03,486.9,40.3,-7.9,VCV,15,500,1:2,20
144.4769365787506,18.78,450.0,29.4,-11.8,VCV,15,500,1:2,20
144.72743463516235,13.06,397.8,45.9,-17.3,VCV,15,500,1:2,20
144.97971057891846,11.04,322.6,57.4,-22.5,VCV,15,500,1:2,20
145.2296543121338,8.21,238.2,61.3,-22.5,VCV,15,500,1:2,20
145.47961497306824,6.21,153.7,61.0,-22.5,VCV,15,500,1:2,20
145.729665517807,3.42,91.4,55.8,-16.5,VCV,15,500,1:2,20
145.97955870628357,2.78,41.1,35.7,-11.2,VCV,15,500,1:2,20
146.22977924346924,1.71,6.0,31.2,-7.6,VCV,15,500,1:2,20
146.48292303085327,1.04,0.0,49.0,0.0,VCV,15,500,1:2,20
146.73290014266968,0.25,0.0,45.2,0.0,VCV,15,500,1:2,20
146.98672127723694,-0.01,23.5,38.7,12.9,VCV,15,500,1:2,20
147.23677158355713,-0.08,100.2,25.3,32.5,VCV,15,500,1:2,20
147.48668503761292,-0.02,252.0,17.4,45.0,VCV,15,500,1:2,20
147.736674785614,6.97,402.0,13.8,31.9,VCV,15,500,1:2,20
147.98697447776794,19.18,476.8,43.2,12.8,VCV,15,500,1:2,20
148.2401237487793,25.75,491.1,24.2,-7.8,VCV,15,500,1:2,20
148.4900999069214,20.28,454.6,26.1,-11.6,VCV,15,500,1:2,20
148.7401123046875,13.81,402.0,43.2,-17.1,VCV,15,500,1:2,20
148.99002957344055,10.99,328.2,64.3,-22.5,VCV,15,500,1:2,20
149.2409143447876,9.52,243.7,63.1,-22.5,VCV,15,500,1:2,20
149.4909942150116,5.93,159.2,62.8,-22.5,VCV,15,500,1:2,20
149.73988842964172,3.42,88.6,55.6,-16.2,VCV,15,500,1:2,20
149.99315810203552,1.55,38.3,28.9,-10.9,VCV,15,500,1:2,20
150.2433762550354,0.82,4.2,35.0,-7.4,VCV,15,500,1:2,20
150.49322628974915,0.28,0.0,52.6,0.0,VCV,15,500,1:2,20
150.7431926727295,0.11,0.0,54.6,0.0,VCV,15,500,1:2,20
150.99324226379395,-0.03,21.2,36.1,12.3,VCV,15,500,1:2,20
151.2470531463623,-0.1,93.7,25.6,30.8,VCV,15,500,1:2,20
151.49697351455688,0.49,241.8,23.9,45.0,VCV,15,500,1:2,20
151.74694728851318,4.64,395.5,3.7,33.5,VCV,15,500,1:2,20
152.0002658367157,17.05,474.5,17.0,13.4,VCV,15,500,1:2,20
152.25016951560974,24.72,491.5,41.3,-7.8,VCV,15,500,1:2,20
152.50014853477478,15.76,455.1,48.8,-11.6,VCV,15,500,1:2,20
152.75011324882507,10.51,402.9,44.2,-17.0,VCV,15,500,1:2,20
153.0000548362732,10.72,328.6,59.6,-22.5,VCV,15,500,1:2,20
153.25000548362732,9.5,245.5,65.5,-22.5,VCV,15,500,1:2,20
153.4999659061432,9.62,161.5,67.4,-22.5,VCV,15,500,1:2,20
153.75323748588562,8.21,89.5,59.8,-16.3,VCV,15,500,1:2,20
154.00320315361023,4.98,38.8,34.1,-11.0,VCV,15,500,1:2,20
154.25312757492065,2.81,4.6,36.1,-7.4,VCV,15,500,1:2,20
154.50297927856445,1.88,0.0,39.4,0.0,VCV,15,500,1:2,20
154.76516366004944,0.67,0.0,55.6,0.0,VCV,15,500,1:2,20
155.00299429893494,0.18,20.8,53.3,12.2,VCV,15,500,1:2,20
155.25298738479614,0.04,93.7,28.8,30.8,VCV,15,500,1:2,20
155.50620317459106,0.01,240.0,16.9,45.0,VCV,15,500,1:2,20
155.7564833164215,6.83,394.6,32.4,33.8,VCV,15,500,1:2,20
156.0064618587494,19.51,474.0,22.3,13.5,VCV,15,500,1:2,20
156.25645995140076,24.99,492.0,58.2,-7.7,VCV,15,500,1:2,20
156.5063602924347,20.52,457.4,33.4,-11.3,VCV,15,500,1:2,20
156.75689959526062,13.39,406.2,45.7,-16.7,VCV,15,500,1:2,20
157.00729370117188,10.97,332.8,53.6,-22.5,VCV,15,500,1:2,20
157.2592487335205,8.22,248.3,56.3,-22.5,VCV,15,500,1:2,20
157.50946402549744,6.72,164.8,56.8,-22.5,VCV,15,500,1:2,20
157.75943517684937,6.38,92.3,61.4,-16.5,VCV,15,500,1:2,20
158.00939774513245,5.63,41.1,39.4,-11.2,VCV,15,500,1:2,20
158.2593367099762,4.09,6.0,27.3,-7.5,VCV,15,500,1:2,20
158.50921177864075,2.12,0.0,48.0,0.0,VCV,15,500,1:2,20
158.75919032096863,1.1,0.0,54.3,0.0,VCV,15,500,1:2,20
159.00918197631836,0.36,19.4,51.7,11.9,VCV,15,500,1:2,20
159.26248574256897,0.08,91.4,27.8,30.2,VCV,15,500,1:2,20
159.51645231246948,0.32,238.6,19.9,45.0,VCV,15,500,1:2,20
159.7624328136444,5.31,390.5,36.9,34.8,VCV,15,500,1:2,20
160.01356530189514,17.87,472.2,32.7,14.0,VCV,15,500,1:2,20
160.2633147239685,25.29,494.3,35.1,-7.5,VCV,15,500,1:2,20
160.51636958122253,18.19,458.8,64.9,-11.2,VCV,15,500,1:2,20
160.76234531402588,14.75,408.5,56.9,-16.4,VCV,15,500,1:2,20
161.01551032066345,11.39,335.5,60.7,-22.5,VCV,15,500,1:2,20
161.265442609787,9.8,250.2,49.6,-22.5,VCV,15,500,1:2,20
161.51947021484375,7.87,165.7,60.9,-22.5,VCV,15,500,1:2,20
161.76536965370178,7.38,94.2,54.9,-16.7,VCV,15,500,1:2,20
162.01542043685913,6.36,42.0,36.4,-11.3,VCV,15,500,1:2,20
162.2652735710144,5.06,6.5,23.2,-7.6,VCV,15,500,1:2,20
162.51917791366577,3.21,0.0,37.8,0.0,VCV,15,500,1:2,20
162.76841926574707,1.31,0.0,48.6,0.0,VCV,15,500,1:2,20
163.0184121131897,0.44,16.6,54.1,11.2,VCV,15,500,1:2,20
163.268413066864,0.17,84.5,29.5,28.5,VCV,15,500,1:2,20
163.51837992668152,0.31,226.6,21.3,45.0,VCV,15,500,1:2,20
163.7683629989624,7.45,383.5,-0.5,36.6,VCV,15,500,1:2,20
164.01836800575256,20.13,468.5,35.0,14.9,VCV,15,500,1:2,20
164.2682228088379,24.85,496.2,16.8,-7.3,VCV,15,500,1:2,20
164.52152037620544,19.78,462.5,31.0,-10.8,VCV,15,500,1:2,20
164.7716088294983,12.36,413.1,43.9,-16.0,VCV,15,500,1:2,20
165.02147030830383,10.66,344.8,47.6,-22.5,VCV,15,500,1:2,20
165.27142477035522,8.55,259.8,56.5,-22.5,VCV,15,500,1:2,20
165.5223777294159,8.12,175.4,53.2,-22.5,VCV,15,500,1:2,20
165.7720274925232,8.59,99.7,55.6,-17.3,VCV,15,500,1:2,20
166.02131485939026,7.12,47.1,36.7,-11.8,VCV,15,500,1:2,20
166.27453637123108,4.6,10.2,24.5,-8.0,VCV,15,500,1:2,20
166.52437448501587,2.77,0.0,45.7,0.0,VCV,15,500,1:2,20
166.77435302734375,1.08,0.0,49.7,0.0,VCV,15,500,1:2,20
167.02436637878418,0.34,14.8,58.5,10.7,VCV,15,500,1:2,20
167.27822375297546,0.09,79.4,33.8,27.2,VCV,15,500,1:2,20
167.5281298160553,0.38,218.8,31.6,45.0,VCV,15,500,1:2,20
167.77816939353943,5.41,377.5,-0.1,38.1,VCV,15,500,1:2,20
168.0282199382782,16.93,466.6,35.9,15.4,VCV,15,500,1:2,20
168.2782633304596,24.09,497.1,9.7,-7.2,VCV,15,500,1:2,20
168.53133058547974,22.72,463.4,44.7,-10.7,VCV,15,500,1:2,20
168.78128910064697,15.12,414.9,43.3,-15.8,VCV,15,500,1:2,20
169.03122329711914,12.22,345.2,49.1,-22.5,VCV,15,500,1:2,20
169.28116607666016,9.08,262.2,58.6,-22.5,VCV,15,500,1:2,20
169.5311563014984,7.1,178.2,55.8,-22.5,VCV,15,500,1:2,20
169.7811472415924,4.65,102.0,57.7,-17.5,VCV,15,500,1:2,20
170.0326988697052,3.48,47.5,40.8,-11.9,VCV,15,500,1:2,20
170.28434777259827,1.75,10.6,23.6,-8.0,VCV,15,500,1:2,20
170.53422236442566,0.6,0.0,46.3,0.0,VCV,15,500,1:2,20
170.7841317653656,0.14,0.0,51.5,0.0,VCV,15,500,1:2,20
171.03454732894897,0.02,12.5,50.4,10.1,VCV,15,500,1:2,20
171.28474378585815,-0.07,73.8,22.7,25.8,VCV,15,500,1:2,20
171.5340986251831,0.11,208.6,25.2,45.0,VCV,15,500,1:2,20
171.7845323085785,6.33,368.3,5.8,40.5,VCV,15,500,1:2,20
172.0373730659485,14.82,462.5,10.7,16.5,VCV,15,500,1:2,20
172.28725934028625,24.01,498.0,30.7,-7.1,VCV,15,500,1:2,20
172.5372829437256,25.83,464.3,80.5,-10.6,VCV,15,500,1:2,20
172.78724098205566,14.26,416.8,66.1,-15.6,VCV,15,500,1:2,20
173.03717923164368,12.27,348.0,67.5,-22.5,VCV,15,500,1:2,20
173.2871332168579,8.66,263.1,61.3,-22.5,VCV,15,500,1:2,20
173.53734421730042,6.99,178.2,64.2,-22.5,VCV,15,500,1:2,20
173.78784728050232,5.03,102.5,60.2,-17.6,VCV,15,500,1:2,20
174.04028367996216,3.35,48.9,45.4,-12.0,VCV,15,500,1:2,20
174.2902431488037,2.14,11.1,25.4,-8.1,VCV,15,500,1:2,20
174.54012203216553,1.39,0.0,37.5,0.0,VCV,15,500,1:2,20
174.79007744789124,0.44,0.0,46.2,0.0,VCV,15,500,1:2,20
175.04006695747375,0.05,11.1,50.5,9.7,VCV,15,500,1:2,20
175.29038834571838,-0.08,71.1,22.9,25.0,VCV,15,500,1:2,20
175.541579246521,-0.07,203.5,22.3,45.0,VCV,15,500,1:2,20
175.79433035850525,4.41,365.5,3.6,41.1,VCV,15,500,1:2,20
176.04325890541077,16.58,459.7,7.5,17.2,VCV,15,500,1:2,20
176.29504084587097,21.88,498.9,25.8,-7.0,VCV,15,500,1:2,20
176.54442596435547,22.3,465.7,57.2,-10.5,VCV,15,500,1:2,20
176.79804968833923,14.88,418.6,55.8,-15.4,VCV,15,500,1:2,20
177.04342555999756,12.28,352.2,58.4,-22.3,VCV,15,500,1:2,20
177.2966332435608,10.44,266.8,61.2,-22.5,VCV,15,500,1:2,20
177.54657292366028,6.98,182.3,61.5,-22.5,VCV,15,500,1:2,20
177.8004105091095,3.4,104.8,55.0,-17.8,VCV,15,500,1:2,20
178.05034708976746,1.98,49.4,39.8,-12.1,VCV,15,500,1:2,20
178.30029129981995,0.95,12.0,25.2,-8.2,VCV,15,500,1:2,20
178.55013346672058,0.34,0.0,39.2,0.0,VCV,15,500,1:2,20
178.80011534690857,0.05,0.0,53.3,0.0,VCV,15,500,1:2,20
179.0504162311554,-0.06,10.2,49.0,9.5,VCV,15,500,1:2,20
179.3007891178131,-0.12,67.8,21.2,24.2,VCV,15,500,1:2,20
179.5533730983734,-0.05,198.5,24.9,45.0,VCV,15,500,1:2,20
179.80334615707397,2.67,361.4,25.5,42.2,VCV,15,500,1:2,20
180.0533561706543,15.42,458.3,61.9,17.5,VCV,15,500,1:2,20
180.3101921081543,24.04,499.8,25.2,-6.9,VCV,15,500,1:2,20
180.55325865745544,25.51,467.5,51.9,-10.3,VCV,15,500,1:2,20
180.80350732803345,14.4,420.5,46.8,-15.2,VCV,15,500,1:2,20
181.05393481254578,10.36,354.5,56.0,-22.1,VCV,15,500,1:2,20
181.30428743362427,8.2,270.5,58.3,-22.5,VCV,15,500,1:2,20
181.55635929107666,7.2,185.5,45.7,-22.5,VCV,15,500,1:2,20
181.80636739730835,5.06,107.5,55.3,-18.1,VCV,15,500,1:2,20
182.05684685707092,2.28,58.6,46.9,-13.0,VCV,15,500,1:2,20
182.30671167373657,0.92,18.5,23.0,-8.8,VCV,15,500,1:2,20
182.55643153190613,0.47,0.0,45.4,0.0,VCV,15,500,1:2,20
182.80693292617798,0.13,0.0,55.4,0.0,VCV,15,500,1:2,20
183.05959224700928,0.01,9.2,51.9,9.3,VCV,15,500,1:2,20
183.3096480369568,-0.09,63.7,26.7,23.2,VCV,15,500,1:2,20
183.5595862865448,-0.02,190.2,18.7,45.0,VCV,15,500,1:2,20
183.80951714515686,5.15,353.1,9.6,44.4,VCV,15,500,1:2,20
184.05952286720276,14.47,455.1,4.0,18.3,VCV,15,500,1:2,20
184.30963492393494,25.51,498.9,32.2,7.2,VCV,15,500,1:2,20
184.56274342536926,26.91,468.9,43.7,-10.1,VCV,15,500,1:2,20
184.8127624988556,14.05,422.8,50.1,-14.9,VCV,15,500,1:2,20
185.06266856193542,9.62,356.8,52.3,-21.8,VCV,15,500,1:2,20
185.31260538101196,5.76,274.2,58.9,-22.5,VCV,15,500,1:2,20
185.5625514984131,4.01,189.7,59.1,-22.5,VCV,15,500,1:2,20
185.81258130073547,3.91,111.2,55.1,-18.5,VCV,15,500,1:2,20
186.06250739097595,4.21,54.5,44.2,-12.6,VCV,15,500,1:2,20
186.31301140785217,4.42,15.2,17.8,-8.5,VCV,15,500,1:2,20
186.56560158729553,2.55,0.0,42.1,0.0,VCV,15,500,1:2,20
186.8155655860901,1.36,0.0,54.5,0.0,VCV,15,500,1:2,20
187.06556725502014,0.48,6.9,44.4,8.7,VCV,15,500,1:2,20
187.31559443473816,0.12,60.5,15.9,22.3,VCV,15,500,1:2,20
187.5663161277771,0.22,183.2,23.2,45.0,VCV,15,500,1:2,20
187.81625723838806,3.28,344.8,16.7,45.0,VCV,15,500,1:2,20
188.0657410621643,15.82,451.8,0.6,19.2,VCV,15,500,1:2,20
188.31883835792542,21.97,498.5,26.8,7.3,VCV,15,500,1:2,20
188.5687232017517,26.04,471.2,44.1,-9.9,VCV,15,500,1:2,20
188.8186960220337,14.94,426.9,50.1,-14.5,VCV,15,500,1:2,20
189.06867218017578,9.7,362.8,49.9,-21.2,VCV,15,500,1:2,20
189.31856226921082,7.45,278.8,60.7,-22.5,VCV,15,500,1:2,20
189.56852650642395,5.91,194.3,50.1,-22.5,VCV,15,500,1:2,20
189.8200023174286,3.81,115.4,56.8,-18.9,VCV,15,500,1:2,20
190.07177186012268,2.5,57.2,50.0,-12.9,VCV,15,500,1:2,20
190.3217053413391,1.97,17.1,14.2,-8.7,VCV,15,500,1:2,20
190.5715456008911,1.52,0.0,39.1,0.0,VCV,15,500,1:2,20
190.82154059410095,0.88,0.0,43.4,0.0,VCV,15,500,1:2,20
191.0717580318451,0.24,5.1,47.9,8.2,VCV,15,500,1:2,20
191.3218014240265,0.04,55.8,20.6,21.2,VCV,15,500,1:2,20
191.57503747940063,0.06,173.5,27.2,45.0,VCV,15,500,1:2,20
191.82499766349792,1.74,337.4,21.6,45.0,VCV,15,500,1:2,20
192.0750560760498,14.58,448.2,-14.5,20.1,VCV,15,500,1:2,20
192.32498574256897,25.8,496.6,20.9,7.7,VCV,15,500,1:2,20
192.57492542266846,26.26,473.1,61.7,-9.7,VCV,15,500,1:2,20
192.82491993904114,16.91,429.2,52.5,-14.3,VCV,15,500,1:2,20
193.0762231349945,11.28,366.9,52.3,-20.8,VCV,15,500,1:2,20
193.32809782028198,10.53,282.9,44.3,-22.5,VCV,15,500,1:2,20
193.5783052444458,9.97,198.0,51.1,-22.5,VCV,15,500,1:2,20
193.82829189300537,8.85,117.2,51.8,-19.1,VCV,15,500,1:2,20
194.07822442054749,6.17,59.1,47.3,-13.1,VCV,15,500,1:2,20
194.32820057868958,3.36,18.5,19.5,-8.8,VCV,15,500,1:2,20
194.57801175117493,1.81,0.0,41.3,0.0,VCV,15,500,1:2,20
194.82802844047546,0.65,0.0,49.9,0.0,VCV,15,500,1:2,20
195.0779366493225,0.17,4.2,57.7,8.0,VCV,15,500,1:2,20
195.33139300346375,-0.02,54.0,31.1,20.7,VCV,15,500,1:2,20
195.58126592636108,-0.04,168.5,27.9,45.0,VCV,15,500,1:2,20
195.83120346069336,2.78,331.8,17.3,45.0,VCV,15,500,1:2,20
196.08129262924194,11.05,446.8,-29.1,20.5,VCV,15,500,1:2,20
196.33118271827698,24.18,495.7,-15.4,8.0,VCV,15,500,1:2,20
196.58114314079285,25.61,474.0,-67.0,-9.6,VCV,15,500,1:2,20
196.83412837982178,16.22,429.7,-0.9,-14.2,VCV,15,500,1:2,20
197.08439111709595,13.12,366.5,35.3,-20.8,VCV,15,500,1:2,20
197.33427929878235,9.88,284.8,56.9,-22.5,VCV,15,500,1:2,20
197.5842423439026,6.61,200.3,60.5,-22.5,VCV,15,500,1:2,20
197.83423280715942,3.71,119.5,53.8,-19.4,VCV,15,500,1:2,20
198.08417534828186,2.64,60.5,57.1,-13.2,VCV,15,500,1:2,20
198.33560824394226,1.46,19.4,20.6,-8.9,VCV,15,500,1:2,20
198.58396983146667,0.53,0.0,43.3,0.0,VCV,15,500,1:2,20
198.83723306655884,0.2,0.0,50.7,0.0,VCV,15,500,1:2,20
199.08726930618286,-0.02,3.2,50.3,7.7,VCV,15,500,1:2,20
199.337256193161,-0.11,51.7,30.5,20.1,VCV,15,500,1:2,20
199.58717131614685,0.11,161.5,28.6,45.0,VCV,15,500,1:2,20
199.83715558052063,1.8,324.9,24.8,45.0,VCV,15,500,1:2,20
200.0871548652649,13.75,443.1,35.7,21.4,VCV,15,500,1:2,20
200.33879899978638,24.46,494.3,40.0,8.3,VCV,15,500,1:2,20
200.59034872055054,26.01,475.4,-21.0,-9.5,VCV,15,500,1:2,20
200.84037947654724,17.17,432.0,18.9,-14.0,VCV,15,500,1:2,20
201.09034943580627,11.29,370.2,42.7,-20.4,VCV,15,500,1:2,20
201.34020924568176,9.55,287.5,55.3,-22.5,VCV,15,500,1:2,20
201.59017276763916,8.73,204.5,54.5,-22.5,VCV,15,500,1:2,20
201.84015583992004,7.95,122.8,65.5,-19.7,VCV,15,500,1:2,20
202.0917420387268,5.01,62.8,55.6,-13.5,VCV,15,500,1:2,20
202.34335565567017,2.94,20.3,25.9,-9.0,VCV,15,500,1:2,20
202.59320092201233,1.16,0.0,47.8,0.0,VCV,15,500,1:2,20
202.84316778182983,0.4,0.0,45.7,0.0,VCV,15,500,1:2,20
203.0931258201599,0.08,1.8,56.4,7.4,VCV,15,500,1:2,20
203.34318780899048,-0.02,47.5,34.3,19.0,VCV,15,500,1:2,20
203.59432768821716,0.13,154.6,41.1,45.0,VCV,15,500,1:2,20
203.84411811828613,3.13,315.7,36.7,45.0,VCV,15,500,1:2,20
204.09639406204224,11.4,438.9,15.0,22.5,VCV,15,500,1:2,20
204.34635376930237,22.01,492.9,28.7,8.7,VCV,15,500,1:2,20
204.5962677001953,25.47,477.2,33.9,-9.3,VCV,15,500,1:2,20
204.8463053703308,15.36,435.2,47.9,-13.7,VCV,15,500,1:2,20
205.09624695777893,12.0,374.3,54.0,-20.0,VCV,15,500,1:2,20
205.34615755081177,8.47,292.6,59.5,-22.5,VCV,15,500,1:2,20
205.59614157676697,5.16,208.2,51.7,-22.5,VCV,15,500,1:2,20
205.84944009780884,3.47,126.9,44.8,-20.2,VCV,15,500,1:2,20
206.0996379852295,2.58,65.5,46.0,-13.7,VCV,15,500,1:2,20
206.3495762348175,1.51,22.2,16.8,-9.2,VCV,15,500,1:2,20
206.59955763816833,0.92,0.0,29.8,0.0,VCV,15,500,1:2,20
206.8494517803192,0.33,38.8,22.0,16.8,VCV,15,500,1:2,20
207.09989523887634,0.33,132.5,33.0,40.7,VCV,15,500,1:2,20
207.35034203529358,2.67,294.9,15.4,45.0,VCV,15,500,1:2,20
207.60242652893066,9.52,427.8,23.9,25.3,VCV,15,500,1:2,20
207.85269951820374,20.43,487.4,-21.8,10.1,VCV,15,500,1:2,20
208.10260248184204,27.16,482.3,-26.9,-8.7,VCV,15,500,1:2,20
208.3526132106781,19.93,442.2,11.3,-12.9,VCV,15,500,1:2,20
208.6025652885437,14.36,384.0,35.8,-19.0,VCV,15,500,1:2,20
208.8524854183197,11.25,304.6,45.6,-22.5,VCV,15,500,1:2,20
209.10693526268005,7.28,220.6,58.1,-22.5,VCV,15,500,1:2,20
209.3560402393341,4.94,136.6,52.4,-21.2,VCV,15,500,1:2,20
209.60564136505127,2.54,72.5,55.4,-14.5,VCV,15,500,1:2,20
209.85566926002502,0.95,28.2,28.6,-9.9,VCV,15,500,1:2,20
210.1054425239563,0.31,0.0,37.2,0.0,VCV,15,500,1:2,20
210.35540556907654,0.13,0.0,37.9,0.0,VCV,15,500,1:2,20
210.60537552833557,-0.04,0.0,46.6,0.0,VCV,15,500,1:2,20
210.85540747642517,-0.1,36.0,25.3,16.1,VCV,15,500,1:2,20
211.10844826698303,-0.11,128.3,22.6,39.7,VCV,15,500,1:2,20
211.35860753059387,0.81,290.3,8.2,45.0,VCV,15,500,1:2,20
211.60861825942993,12.15,425.5,7.1,25.9,VCV,15,500,1:2,20
211.85861778259277,22.39,486.5,22.0,10.3,VCV,15,500,1:2,20
212.10851168632507,26.84,483.2,34.0,-8.7,VCV,15,500,1:2,20
212.35854744911194,18.41,443.1,51.9,-12.8,VCV,15,500,1:2,20
212.6096796989441,14.77,385.8,52.6,-18.8,VCV,15,500,1:2,20
212.8584418296814,10.9,307.4,62.9,-22.5,VCV,15,500,1:2,20
213.11164164543152,7.33,222.5,66.7,-22.5,VCV,15,500,1:2,20
213.36165499687195,4.84,138.5,65.2,-21.4,VCV,15,500,1:2,20
213.6115734577179,3.61,73.8,64.2,-14.6,VCV,15,500,1:2,20
213.86158847808838,1.7,29.1,32.3,-10.0,VCV,15,500,1:2,20
214.11144733428955,0.66,0.0,35.2,0.0,VCV,15,500,1:2,20
214.3613543510437,0.23,0.0,46.9,0.0,VCV,15,500,1:2,20
214.6126570701599,0.08,0.0,52.0,0.0,VCV,15,500,1:2,20
214.86501455307007,-0.02,34.2,38.6,15.6,VCV,15,500,1:2,20
215.11465406417847,-0.06,124.6,43.4,38.7,VCV,15,500,1:2,20
215.36456060409546,0.11,284.8,29.4,45.0,VCV,15,500,1:2,20
215.61458921432495,10.04,422.3,-17.8,26.7,VCV,15,500,1:2,20
215.86455965042114,21.66,485.1,10.8,10.7,VCV,15,500,1:2,20
216.11447381973267,27.06,485.1,10.4,-8.5,VCV,15,500,1:2,20
216.36486649513245,20.06,445.8,37.0,-12.5,VCV,15,500,1:2,20
216.6177363395691,13.62,389.5,44.1,-18.4,VCV,15,500,1:2,20
216.86765551567078,9.31,312.5,60.9,-22.5,VCV,15,500,1:2,20
217.117591381073,6.74,227.5,62.2,-22.5,VCV,15,500,1:2,20
217.36758255958557,3.95,143.1,59.8,-21.8,VCV,15,500,1:2,20
217.61752200126648,2.67,76.6,49.5,-14.9,VCV,15,500,1:2,20
217.86754775047302,2.34,30.5,25.3,-10.1,VCV,15,500,1:2,20
218.11732506752014,2.44,0.0,42.5,0.0,VCV,15,500,1:2,20
218.37059807777405,2.11,0.0,42.5,0.0,VCV,15,500,1:2,20
218.62055349349976,1.93,0.0,47.0,0.0,VCV,15,500,1:2,20
218.8705976009369,2.84,30.5,42.2,14.7,VCV,15,500,1:2,20
219.12057495117188,3.69,100.6,25.6,32.6,VCV,15,500,1:2,20
219.37050580978394,3.39,252.5,21.4,45.0,VCV,15,500,1:2,20
219.62051010131836,7.52,402.5,-10.9,31.8,VCV,15,500,1:2,20
219.8705539703369,18.76,476.8,32.9,12.8,VCV,15,500,1:2,20
220.12398481369019,26.25,484.6,30.3,-8.2,VCV,15,500,1:2,20
220.37460565567017,17.75,446.3,42.1,-12.2,VCV,15,500,1:2,20
220.6239674091339,14.02,390.9,55.3,-18.0,VCV,15,500,1:2,20
220.87385082244873,10.66,313.4,63.0,-22.5,VCV,15,500,1:2,20
221.1238009929657,8.66,229.4,65.3,-22.5,VCV,15,500,1:2,20
221.37419056892395,6.37,144.9,60.7,-22.1,VCV,15,500,1:2,20
221.62676811218262,4.8,77.5,54.9,-15.1,VCV,15,500,1:2,20
221.87674808502197,2.75,31.4,31.6,-10.2,VCV,15,500,1:2,20
222.12684035301208,1.07,0.0,36.5,0.0,VCV,15,500,1:2,20
222.37681984901428,0.53,0.0,58.4,0.0,VCV,15,500,1:2,20
222.62675094604492,0.15,0.0,52.0,0.0,VCV,15,500,1:2,20
222.87683057785034,-0.01,28.2,39.0,14.1,VCV,15,500,1:2,20
223.12723445892334,-0.06,110.8,26.1,35.2,VCV,15,500,1:2,20
223.38028025627136,0.3,264.9,24.3,45.0,VCV,15,500,1:2,20
223.6302728652954,10.07,410.3,3.1,29.7,VCV,15,500,1:2,20
223.8808193206787,22.48,480.5,0.8,11.9,VCV,15,500,1:2,20
224.13352489471436,27.61,487.8,43.3,-8.2,VCV,15,500,1:2,20
224.38350677490234,20.95,450.0,67.8,-12.1,VCV,15,500,1:2,20
224.63344502449036,14.78,396.0,54.0,-17.7,VCV,15,500,1:2,20
224.88339161872864,12.41,319.8,55.4,-22.5,VCV,15,500,1:2,20
225.1333041191101,8.35,234.9,61.6,-22.5,VCV,15,500,1:2,20
225.3832712173462,4.62,151.8,66.8,-22.5,VCV,15,500,1:2,20
225.63753867149353,1.79,82.6,62.3,-15.5,VCV,15,500,1:2,20
225.88669157028198,0.96,34.2,33.7,-10.5,VCV,15,500,1:2,20
226.13644528388977,0.4,1.4,40.9,-7.1,VCV,15,500,1:2,20
226.38631010055542,0.27,0.0,53.7,0.0,VCV,15,500,1:2,20
226.63627123832703,0.09,0.0,60.2,0.0,VCV,15,500,1:2,20
226.88628888130188,0.07,26.8,36.9,13.7,VCV,15,500,1:2,20
227.13630175590515,0.07,107.5,29.7,34.4,VCV,15,500,1:2,20
227.38648009300232,0.26,262.6,23.0,45.0,VCV,15,500,1:2,20
227.6398150920868,14.46,407.5,19.9,30.5,VCV,15,500,1:2,20
227.88978171348572,23.57,479.5,35.2,12.1,VCV,15,500,1:2,20
228.13971042633057,30.17,489.7,51.3,-8.0,VCV,15,500,1:2,20
228.38967037200928,23.61,452.3,42.6,-11.9,VCV,15,500,1:2,20
228.63972663879395,13.8,399.7,54.9,-17.4,VCV,15,500,1:2,20
228.8895616531372,7.29,324.0,63.8,-22.5,VCV,15,500,1:2,20
229.13952565193176,3.64,239.5,53.1,-22.5,VCV,15,500,1:2,20
229.3927731513977,2.36,154.2,52.8,-22.5,VCV,15,500,1:2,20
229.64277696609497,1.51,85.8,60.3,-15.9,VCV,15,500,1:2,20
229.89274406433105,1.03,36.0,24.3,-10.7,VCV,15,500,1:2,20
230.1426694393158,0.96,2.8,32.4,-7.2,VCV,15,500,1:2,20
230.39253950119019,2.82,0.0,39.6,0.0,VCV,15,500,1:2,20
230.6424994468689,2.55,0.0,55.1,0.0,VCV,15,500,1:2,20
230.8963339328766,0.96,23.5,48.4,12.9,VCV,15,500,1:2,20
231.15056133270264,0.48,100.2,24.3,32.5,VCV,15,500,1:2,20
231.39960741996765,0.53,252.5,35.0,45.0,VCV,15,500,1:2,20
231.64959025382996,10.51,402.5,-10.8,31.8,VCV,15,500,1:2,20
231.89961957931519,24.15,476.8,-25.8,12.8,VCV,15,500,1:2,20
232.14948773384094,29.89,491.5,21.0,-7.8,VCV,15,500,1:2,20
232.3994836807251,23.17,455.5,32.4,-11.5,VCV,15,500,1:2,20
232.6494607925415,17.27,402.9,33.6,-17.0,VCV,15,500,1:2,20
232.8996593952179,11.27,328.2,50.0,-22.5,VCV,15,500,1:2,20
233.15287685394287,9.08,243.2,56.4,-22.5,VCV,15,500,1:2,20
233.40283513069153,6.14,158.8,59.7,-22.5,VCV,15,500,1:2,20
233.65282678604126,4.58,88.2,61.0,-16.1,VCV,15,500,1:2,20
233.90277910232544,2.39,38.3,33.8,-10.9,VCV,15,500,1:2,20
234.15271973609924,0.93,4.2,25.5,-7.4,VCV,15,500,1:2,20
234.40258979797363,0.29,0.0,41.1,0.0,VCV,15,500,1:2,20
234.65254378318787,0.08,0.0,44.4,0.0,VCV,15,500,1:2,20
234.9058768749237,-0.09,20.8,46.6,12.2,VCV,15,500,1:2,20
235.15586709976196,-0.13,92.3,29.0,30.5,VCV,15,500,1:2,20
235.40578246116638,0.19,239.5,35.9,45.0,VCV,15,500,1:2,20
235.6558313369751,6.9,393.2,-17.1,34.1,VCV,15,500,1:2,20
235.905832529068,19.66,471.7,31.8,14.1,VCV,15,500,1:2,20
236.15568828582764,27.83,493.4,50.6,-7.6,VCV,15,500,1:2,20
236.40569853782654,23.92,457.4,83.0,-11.3,VCV,15,500,1:2,20
236.66019010543823,15.9,404.8,65.7,-16.8,VCV,15,500,1:2,20
236.90917110443115,11.2,333.2,62.4,-22.5,VCV,15,500,1:2,20
237.15882205963135,7.66,248.8,65.8,-22.5,VCV,15,500,1:2,20
237.40879106521606,4.75,164.3,63.5,-22.5,VCV,15,500,1:2,20
237.65876626968384,1.93,91.8,56.0,-16.5,VCV,15,500,1:2,20
237.9087233543396,0.79,45.7,35.9,-11.7,VCV,15,500,1:2,20
238.1586503982544,0.64,9.7,28.5,-7.9,VCV,15,500,1:2,20
238.40988445281982,0.63,0.0,48.4,0.0,VCV,15,500,1:2,20
238.6618320941925,0.38,0.0,54.4,0.0,VCV,15,500,1:2,20
238.9117715358734,0.22,18.0,54.6,11.5,VCV,15,500,1:2,20
239.16179084777832,0.14,85.4,28.9,28.7,VCV,15,500,1:2,20
239.4117293357849,1.94,228.0,45.1,45.0,VCV,15,500,1:2,20
239.66172862052917,7.61,384.9,36.7,36.2,VCV,15,500,1:2,20
239.91170740127563,22.7,468.5,33.4,14.9,VCV,15,500,1:2,20
240.1634829044342,27.07,494.8,72.2,-7.5,VCV,15,500,1:2,20
240.41489934921265,20.05,459.7,35.6,-11.1,VCV,15,500,1:2,20
240.6649136543274,13.17,409.4,40.8,-16.3,VCV,15,500,1:2,20
240.91883873939514,7.03,338.3,51.4,-22.5,VCV,15,500,1:2,20
241.16474843025208,3.93,254.8,57.3,-22.5,VCV,15,500,1:2,20
241.41469287872314,2.37,170.3,68.8,-22.5,VCV,15,500,1:2,20
241.66471982002258,1.76,95.5,58.1,-16.9,VCV,15,500,1:2,20
241.92021584510803,1.22,43.8,34.1,-11.5,VCV,15,500,1:2,20
242.16932892799377,0.9,8.3,28.2,-7.8,VCV,15,500,1:2,20
242.41784381866455,0.78,0.0,42.6,0.0,VCV,15,500,1:2,20
242.66770839691162,0.62,0.0,43.8,0.0,VCV,15,500,1:2,20
242.92173194885254,0.51,17.1,45.7,11.3,VCV,15,500,1:2,20
243.16768598556519,0.46,82.6,21.5,28.0,VCV,15,500,1:2,20
243.41764974594116,0.95,224.8,30.0,45.0,VCV,15,500,1:2,20
243.6680679321289,9.68,383.1,32.0,36.7,VCV,15,500,1:2,20
