pip,peep,driving_pressure,p_auc,decay_rate,decay_half_time,exp_concavity,tau_exp,rise_time,rise_slope,insp_auc,exp_auc,ie_auc_ratio,p_at_half_insp,p_mean,p_std,p_skewness,p_kurtosis,p_rms,zero_cross_rate,label
22.81,-0.03,22.84,99.92,-2.9605952380952356,2.0,0.676964285714286,1.8622745682644175,6.0,3.8066666666666666,55.115,44.80499999999999,1.2301082468474502,4.3,7.157142857142859,8.139046476769893,0.9181811258127991,-0.7146514417904433,10.838301132030399,0.14285714285714285,Normal
24.7,0.37,24.33,106.465,-3.2898809523809502,2.0,0.7377976190476193,1.812514030918976,6.0,4.055,56.655,49.809999999999995,1.1374222043766313,6.06,7.63857142857143,8.428881350234237,0.9300297725964191,-0.6157942455695391,11.375140187519198,0.14285714285714285,Normal
24.33,0.16,24.169999999999998,106.83,-3.395833333333332,2.0,0.7093452380952374,1.8199688931540232,6.0,4.028333333333333,54.025,52.80500000000001,1.0231038727393238,5.82,7.659285714285715,8.399697668271598,0.8430350153415637,-0.8220881841747554,11.367478989267081,0.14285714285714285,Normal
24.1,0.33,23.770000000000003,103.74999999999999,-3.251309523809521,2.0,0.7181547619047619,1.754594601996137,6.0,3.9616666666666673,54.825,48.925000000000004,1.120592743995912,4.15,7.442142857142858,8.389482513047792,0.8910118091979568,-0.7891181887534575,11.214673742149486,0.14285714285714285,Normal
24.33,0.22,24.11,100.61500000000001,-3.237261904761902,2.0,0.7000595238095235,1.6528496132998831,6.0,4.0183333333333335,52.565,48.05,1.093964620187305,5.32,7.20857142857143,8.071098223328239,0.9226025075269129,-0.5546605448086113,10.821558509356615,0.14285714285714285,Normal
24.23,0.16,24.07,109.45,-3.5353571428571398,2.0,0.6910119047619043,1.6169484381097272,6.0,4.011666666666667,55.315000000000005,54.135,1.0217973584557127,5.12,7.8378571428571435,8.687293823717019,0.7571086265083701,-1.0683166869599332,11.700473433644836,0.14285714285714285,Normal
23.96,0.13,23.830000000000002,106.79000000000002,-3.3697619047619014,3.0,0.6484523809523816,1.7554190886289593,6.0,3.971666666666667,53.675,53.115,1.0105431610656121,3.9,7.651428571428573,8.477309931426912,0.7863545637556149,-0.9796215882298074,11.419682257275937,0.14285714285714285,Normal
24.19,0.14,24.05,102.455,-3.4666666666666655,2.0,0.7022619047619045,1.6224294288346257,6.0,4.008333333333334,49.94500000000001,52.51,0.9511521614930492,2.61,7.337142857142858,8.50632825654896,0.8757625330415684,-0.8343278907555525,11.233489471855382,0.14285714285714285,Normal
23.91,0.09,23.82,100.46000000000001,-3.3397619047619025,2.0,0.6373809523809524,1.7512221567987376,6.0,3.97,47.76,52.699999999999996,0.9062618595825427,3.82,7.197857142857143,8.017002627070106,0.8826823127289866,-0.6841767441372708,10.774111498004306,0.14285714285714285,Normal
23.64,0.18,23.46,104.11000000000001,-3.382261904761902,2.0,0.6439880952380943,1.7839987148915126,6.0,3.91,49.879999999999995,54.22999999999999,0.9197860962566846,2.58,7.462857142857141,8.375873880694845,0.8471487912323588,-0.8854901491931146,11.218266354477414,0.14285714285714285,Normal
23.68,0.23,23.45,105.05000000000003,-3.3448809523809504,2.0,0.6163690476190474,1.8935378431372616,6.0,3.908333333333333,49.705,55.345,0.8980937754087993,3.15,7.536428571428571,8.144052700452956,0.7998813509269923,-0.9187826714234348,11.096096160361988,0.14285714285714285,Normal
23.35,0.23,23.12,104.335,-3.440119047619044,2.0,0.6094642857142852,1.847786076657745,6.0,3.8533333333333335,47.25,57.085,0.8277130594727161,1.94,7.484285714285716,8.360337240537023,0.8485879236393199,-0.8812144630249366,11.220952340535604,0.14285714285714285,Normal
23.7,0.26,23.439999999999998,104.53,-3.380238095238093,2.0,0.6140476190476193,1.7760575133666379,6.0,3.9066666666666663,49.480000000000004,55.05,0.8988192552225251,3.16,7.494285714285715,8.142387956407694,0.8055839041947866,-0.9067418244368977,11.066291158287857,0.14285714285714285,Normal
23.35,0.15,23.200000000000003,103.23,-3.4407142857142836,2.0,0.634761904761905,1.7859520976636316,6.0,3.866666666666667,47.56,55.67,0.8543201005927789,2.15,7.398571428571429,8.382822450994531,0.8596703477850937,-0.8743912669486544,11.180812646161792,0.14285714285714285,Normal
24.7,0.45,24.25,107.355,-3.582619047619045,2.0,0.744523809523809,1.5078067542745914,6.0,4.041666666666667,54.794999999999995,52.559999999999995,1.0425228310502284,5.57,7.695,8.672564911423674,0.8550354730045623,-0.8483362579636227,11.594240257250888,0.14285714285714285,Normal
24.26,0.19,24.07,108.96,-3.5551190476190455,3.0,0.6395833333333332,1.5654308744497523,6.0,4.011666666666667,53.905,55.055,0.9791117972936155,3.75,7.802857142857143,8.730421711767773,0.7538779202771959,-1.0538644906010957,11.70917771908612,0.14285714285714285,Normal
24.45,0.25,24.2,102.45,-3.511547619047617,2.0,0.7312500000000004,1.588625119242247,6.0,4.033333333333333,50.23,52.220000000000006,0.9618919954040596,2.51,7.339999999999998,8.594494084670055,0.896378167021013,-0.8075938954499384,11.302253251959474,0.14285714285714285,Normal
24.04,0.25,23.79,98.54000000000002,-3.367976190476188,2.0,0.6810119047619049,1.571825505111764,6.0,3.965,48.285,50.254999999999995,0.9607999204059298,3.74,7.06,8.074352694090804,0.9245967763878663,-0.6224525182971274,10.72561286960197,0.14285714285714285,Normal
24.24,0.09,24.15,104.935,-3.483333333333331,2.0,0.6496428571428567,1.6911252078998438,6.0,4.0249999999999995,49.955,54.980000000000004,0.908603128410331,2.5,7.517142857142858,8.524114892109184,0.8375165513945,-0.8739058192428364,11.365208815880658,0.14285714285714285,Normal
23.79,-0.03,23.82,93.11999999999999,-3.1624999999999988,2.0,0.7763690476190475,1.426633229766456,6.0,3.97,50.165,42.955,1.167850075660575,2.48,6.652857142857143,8.275141283706649,0.9910196316272117,-0.5888841038611674,10.617837417693464,0.14285714285714285,Obstructive
23.78,0.02,23.76,121.84499999999998,-2.918571428571427,3.0,0.25440476190476224,2.8743762095939625,6.0,3.9600000000000004,50.16,71.685,0.6997279765641347,4.48,8.759285714285715,7.664773283652682,0.5493816609383816,-0.8785786824255744,11.6393228202626,0.14285714285714285,Obstructive
22.35,0.61,21.740000000000002,109.145,-2.940714285714284,3.0,0.43892857142857145,2.141933034804777,6.0,3.6233333333333335,53.510000000000005,55.635000000000005,0.9618046193942662,5.72,7.842857142857143,7.601569789543875,0.7410770519605692,-0.8147635243701092,10.92219169528586,0.14285714285714285,Obstructive
23.94,-0.01,23.950000000000003,119.90999999999998,-2.8755952380952374,3.0,0.42648809523809583,3.1722057895224056,6.0,3.991666666666667,52.72,67.19,0.7846405715136181,3.75,8.659285714285714,7.817209462174479,0.5887887937885993,-0.9759053558062334,11.665847284151411,0.14285714285714285,Obstructive
22.2,0.31,21.89,128.815,-1.779666666666666,3.0,0.4127056277056277,7.665911656780369,5.0,4.378,32.785,96.02999999999999,0.3414037280016662,6.64,9.504285714285714,6.710117855347479,0.3809103459145824,-0.44522284550627855,11.634308254959922,0.14285714285714285,Obstructive
24.57,2.6,21.97,113.27499999999998,-3.139285714285711,2.0,0.6409523809523804,2.064666509506081,6.0,3.6616666666666666,61.045,52.23,1.1687727359754931,5.97,8.215714285714286,7.9294935113750356,0.8801504424244789,-0.7011336803390371,11.41817973984595,0.14285714285714285,Obstructive
25.53,0.31,25.220000000000002,114.32,-1.9645238095238085,2.0,0.9525000000000003,6.537553696174129,6.0,4.203333333333334,55.33,58.99000000000001,0.93795558569249,3.85,8.381428571428572,7.818170097501677,0.9883270192002855,-0.17137879082205076,11.461768125879559,0.2857142857142857,Obstructive
24.49,0.8,23.689999999999998,102.21999999999998,-3.1548809523809496,2.0,0.7387499999999998,1.631935938534508,6.0,3.948333333333333,56.435,45.785,1.232608933056678,5.14,7.339999999999998,8.210337560486952,0.9325126482255726,-0.6456180383187351,11.01295795220988,0.14285714285714285,Obstructive
24.07,-0.08,24.15,96.01,-3.384166666666664,2.0,0.7518452380952377,1.1690689210188345,6.0,4.0249999999999995,49.48500000000001,46.525,1.063621708758732,2.33,6.843571428571429,8.491581214980648,0.9268896154336438,-0.7292530442472076,10.906026839714427,0.14285714285714285,Obstructive
24.21,0.15,24.060000000000002,98.94000000000003,-3.210238095238093,2.0,0.6884523809523815,1.7843652489317436,6.0,4.010000000000001,49.91,49.03000000000001,1.0179481949826634,4.48,7.0914285714285725,7.951817274006219,0.9502497346766536,-0.49054141926675277,10.654565084641284,0.14285714285714285,Obstructive
24.18,0.01,24.169999999999998,98.36999999999999,-3.3448809523809504,2.0,0.744940476190476,1.428218806893031,6.0,4.028333333333333,50.845,47.525000000000006,1.069857969489742,2.83,7.031428571428572,8.479785085840373,0.9310173865410193,-0.7163963847967603,11.015795153194475,0.14285714285714285,Obstructive
24.22,0.1,24.119999999999997,99.895,-3.324999999999998,2.0,0.7089285714285712,1.4235349828223582,6.0,4.02,52.31,47.58500000000001,1.0992959966375957,3.93,7.146428571428572,8.295274564596449,0.8470643317240476,-0.8178835442793337,10.949110531388905,0.14285714285714285,Obstructive
24.0,1.96,22.04,115.24499999999999,-3.1476190476190458,2.0,0.5076190476190476,2.3110807733904695,6.0,3.6733333333333333,54.01,61.235,0.8820119212868457,2.47,8.334999999999999,7.428692203688537,0.9438693680954987,-0.5402319843139516,11.16502095193479,0.14285714285714285,Obstructive
26.31,-0.03,26.34,105.38000000000001,-3.49083333333333,2.0,0.5700595238095244,1.8468743811044015,6.0,4.39,44.675,60.705000000000005,0.7359360843423111,1.56,7.531428571428572,8.403947080426686,0.969165059367804,-0.35431434271389284,11.284890024149233,0.14285714285714285,Obstructive
28.21,0.36,27.85,110.63000000000001,-3.794047619047616,2.0,0.8203571428571426,1.7500081759100297,6.0,4.641666666666667,53.115,57.51500000000001,0.9234982178562113,2.18,7.937857142857145,9.136865810371447,0.9962875677604139,-0.4376977081520903,12.103383529292248,0.14285714285714285,Obstructive
28.11,0.25,27.86,125.11500000000001,-2.7639285714285693,2.0,1.107440476190476,4.890762994969113,6.0,4.6433333333333335,55.39,69.725,0.7944065973467194,2.71,9.175,8.894199353671873,0.8776175622218283,-0.5571333682594757,12.778396109952812,0.14285714285714285,Obstructive
24.43,2.7,21.73,110.185,-3.156666666666664,2.0,0.766071428571428,2.8295542407508982,6.0,3.6216666666666666,51.015,59.17,0.8621767787730269,1.91,8.070714285714285,8.037440481259933,0.963301202211338,-0.6535521849536781,11.390209768543711,0.14285714285714285,Obstructive
25.05,1.07,23.98,108.405,-2.786333333333333,3.0,0.4052380952380951,2.756092423755029,6.0,3.9966666666666666,38.53,69.875,0.5514132379248659,0.53,7.3119999999999985,7.578737977614304,1.0009797311633555,-0.21854330685262102,10.531030972005226,0.13333333333333333,Obstructive
24.95,0.81,24.14,120.04000000000002,-2.6709999999999994,2.0,0.4838744588744588,3.2946622001535357,6.0,4.023333333333333,49.57000000000001,70.47,0.7034198949907763,3.23,8.112666666666668,7.5568498433908,0.9113440990993452,-0.45764040655562477,11.08698967258471,0.13333333333333333,Obstructive
25.83,3.87,21.959999999999997,145.0,-2.7686666666666655,3.0,0.41138528138528124,3.810773241101394,6.0,3.6599999999999997,59.13,85.86999999999999,0.6885990450681263,4.0,9.909333333333334,7.273504855906049,0.9888004620129405,-0.4296712053567804,12.292223558006093,0.13333333333333333,Obstructive
26.67,2.9,23.770000000000003,136.235,-2.2033333333333336,2.0,0.4093939393939391,5.866998099242793,6.0,3.9616666666666673,41.775000000000006,94.46000000000001,0.4422506881219564,0.66,9.379333333333332,7.335645817210341,0.8154773833112832,-0.07666948305198584,11.90729160360715,0.13333333333333333,Obstructive
23.95,2.65,21.3,135.31,-2.1413333333333333,3.0,0.3073376623376621,5.681541578703105,6.0,3.5500000000000003,41.42,93.89,0.4411545425497923,0.3,9.293333333333333,7.1022847654039385,0.5955791759421364,-0.6322306556699253,11.696516290474413,0.13333333333333333,Obstructive
25.09,2.92,22.17,132.04,-2.6431666666666653,3.0,0.3940584415584414,4.4884228118039475,6.0,3.6950000000000003,38.475,93.565,0.4112114572756907,0.27,9.049999999999999,7.747830664127863,0.8430338743917605,-0.48262189485096973,11.913495708649078,0.13333333333333333,Obstructive
24.82,0.81,24.01,140.60500000000002,-2.2951666666666646,4.0,0.31388528138528154,5.625655577525191,6.0,4.001666666666667,39.825,100.78,0.39516769200238144,0.22,9.594000000000001,7.7197822076359985,0.47964515037667305,-0.8152819119229933,12.314214279982842,0.13333333333333333,Obstructive
25.67,1.65,24.020000000000003,134.41000000000003,-2.704333333333333,3.0,0.4245021645021643,4.517812287142845,6.0,4.003333333333334,39.239999999999995,95.16999999999999,0.4123148050856362,0.21,9.174666666666667,8.096130653315543,0.8258275151040748,-0.48948497875870967,12.236087610016531,0.13333333333333333,Obstructive
25.53,2.51,23.020000000000003,133.19500000000002,-3.0116666666666663,4.0,0.2535281385281383,3.1443902742331336,6.0,3.8366666666666673,42.44,90.755,0.46763263732025784,0.35,9.029333333333334,7.965654998526835,0.7001209726230253,-0.8146428711613121,12.040785688650057,0.13333333333333333,Obstructive
24.39,1.16,23.23,115.14500000000001,-3.2673809523809516,2.0,0.6065476190476188,1.6497132248375057,7.0,3.3185714285714285,63.575,51.56999999999999,1.2327903820050419,7.59,7.726666666666666,8.436833265838287,0.8472173201054416,-0.7867707112487015,11.440346731342252,0.13333333333333333,Obstructive
25.52,-0.02,25.54,124.44999999999997,-3.1622619047619023,2.0,0.47791666666666693,2.33614455227681,6.0,4.256666666666667,61.150000000000006,63.3,0.9660347551342814,8.33,8.918571428571429,8.402525009222659,0.6775796425341163,-0.7737938159603011,12.253299264163218,0.14285714285714285,Obstructive
25.46,-0.04,25.5,113.88499999999998,-3.2560714285714263,2.0,0.4631547619047628,2.0550677127800245,6.0,4.25,52.510000000000005,61.37499999999999,0.8555600814663953,2.72,8.142857142857144,8.317561823868672,0.7415727513803035,-0.757302587261071,11.63992943032118,0.14285714285714285,Obstructive
25.3,-0.07,25.37,108.095,-3.22440476190476,2.0,0.5869642857142863,2.346908147970714,6.0,4.2283333333333335,48.25,59.845,0.8062494778176957,1.3,7.740714285714285,8.268081021344083,0.8645074908662552,-0.5915515504253301,11.326068224612257,0.14285714285714285,Obstructive
26.03,0.42,25.61,116.07,-2.809642857142853,2.0,0.6433928571428574,4.150372164185452,6.0,4.2683333333333335,42.125,73.94500000000001,0.5696801676922036,0.42,8.492142857142857,7.715808612907685,0.8063763492316964,-0.2764315891067506,11.47389179211408,0.14285714285714285,Obstructive
24.49,1.76,22.729999999999997,111.49000000000001,-3.097619047619046,3.0,0.2626190476190478,2.505394995650786,6.0,3.7883333333333327,41.105000000000004,70.385,0.5840022732116218,0.9,8.069999999999999,7.512177732569583,0.7450410844747151,-0.6122811448445518,11.025321504868431,0.14285714285714285,Obstructive
25.03,-0.01,25.040000000000003,114.16499999999999,-2.7564999999999986,3.0,0.33587662337662355,3.042512592092106,6.0,4.173333333333334,37.295,76.87,0.48516976713932614,0.07,7.6560000000000015,7.572227149260645,0.8114854198788852,-0.37275328669559693,10.768145615657321,0.13333333333333333,Obstructive
25.75,0.25,25.5,116.74999999999999,-3.319166666666666,3.0,0.3156547619047618,2.687920162807042,6.0,4.25,39.15,77.6,0.5045103092783505,-0.02,8.395714285714286,8.261017504162647,0.7013664149976954,-0.7377165283531153,11.778473100170013,0.14285714285714285,Obstructive
24.72,0.11,24.61,113.76499999999999,-2.1407142857142833,2.0,0.4189285714285718,5.65193825548448,6.0,4.101666666666667,34.595,79.16999999999999,0.43697107490210946,0.49,8.29857142857143,7.112366350381624,0.6476386628611245,-0.20730219884927736,10.929411825763674,0.14285714285714285,Obstructive
24.99,0.67,24.319999999999997,125.76999999999998,-2.4423333333333317,3.0,0.40476190476190455,4.582828526537007,6.0,4.053333333333333,39.400000000000006,86.36999999999999,0.4561769132800742,0.01,8.543333333333331,7.659432238894879,0.7670487468268966,-0.5097366676398485,11.474120736102906,0.13333333333333333,Obstructive
25.29,1.1,24.189999999999998,128.05,-2.2445000000000004,3.0,0.34760822510822476,5.289457747523072,6.0,4.031666666666666,37.135,90.91499999999999,0.40845845020073696,0.32,8.741999999999999,7.297909472353482,0.6830682267651473,-0.40023673508801716,11.387802538974174,0.13333333333333333,Obstructive
24.85,1.31,23.540000000000003,131.485,-2.1509999999999994,2.0,0.3842424242424241,5.549185144891159,6.0,3.923333333333334,41.58,89.905,0.462488181969857,0.31,8.962666666666667,7.38317318110731,0.6997472940496545,-0.44765798098650045,11.612090251113276,0.13333333333333333,Obstructive
24.09,1.08,23.009999999999998,123.025,-2.885666666666664,4.0,0.2583549783549781,3.15479880210823,6.0,3.8349999999999995,35.735,87.29,0.4093825180433039,0.38,8.296000000000001,7.870173060358964,0.7615684696476257,-0.7188434842058702,11.435175556151293,0.13333333333333333,Obstructive
25.83,0.14,25.689999999999998,122.82000000000001,-2.9020238095238065,2.0,0.4955357142857145,3.0471158346192917,7.0,3.6699999999999995,58.275,64.545,0.9028584708343016,6.33,8.259333333333334,8.160954573795614,0.8942824339065544,-0.2863734418085029,11.61110531631966,0.13333333333333333,Obstructive
22.3,0.44,21.86,115.875,-2.9053571428571408,3.0,0.27065476190476184,2.30573174700057,7.0,3.1228571428571428,54.28999999999999,61.584999999999994,0.8815458309653325,4.41,7.761333333333335,7.803040319146263,0.6457147862750972,-1.0002041646864226,11.005713667606173,0.13333333333333333,Obstructive
25.51,0.05,25.46,115.62499999999999,-2.971785714285712,2.0,0.46684523809523837,2.417110435091656,7.0,3.6371428571428575,54.91,60.715,0.9043893601251749,2.67,7.725333333333334,8.34192772818263,0.9459832555041029,-0.31897049342515604,11.36963206675279,0.13333333333333333,Obstructive
26.91,0.13,26.78,115.88500000000002,-2.6846428571428547,2.0,0.8817261904761908,3.865023526971331,7.0,3.825714285714286,58.660000000000004,57.224999999999994,1.0250764525993885,5.15,7.870000000000001,8.459853426626257,1.1821569504422273,0.22486603062552346,11.554480516232653,0.13333333333333333,Obstructive
26.04,1.36,24.68,113.905,-2.9749999999999983,2.0,0.6320238095238094,2.7958046666458367,7.0,3.525714285714286,55.59,58.315000000000005,0.9532710280373832,3.28,7.704666666666667,8.024458334090566,1.0346259949091043,-0.1901610599442458,11.124469425550146,0.13333333333333333,Obstructive
26.26,0.88,25.380000000000003,134.54999999999998,-2.6410714285714265,2.0,0.4019642857142861,4.1550708054144545,7.0,3.625714285714286,56.03,78.52000000000001,0.7135761589403973,1.74,9.111333333333333,8.475738604327585,0.7645067125203328,-0.45436828308138644,12.444056412601158,0.13333333333333333,Obstructive
25.61,0.17,25.439999999999998,116.615,-3.1958333333333315,3.0,0.44886904761904767,2.5209779513043094,6.0,4.239999999999999,50.900000000000006,65.71499999999999,0.7745567982956709,2.78,8.383571428571427,8.391411942441813,0.8598589964861502,-0.4921765931838631,11.86170579156785,0.14285714285714285,Obstructive
26.01,-0.02,26.03,127.30000000000001,-2.7753571428571404,2.0,0.4506547619047615,3.72321422963405,6.0,4.338333333333334,53.125,74.17500000000001,0.7162116616110549,1.8,9.18857142857143,8.33133316131926,0.7261141889649398,-0.5502269083300928,12.403263971344686,0.14285714285714285,Obstructive
25.47,0.08,25.39,109.97500000000001,-3.1014285714285688,2.0,0.5490476190476191,2.55199087401525,6.0,4.2316666666666665,49.44500000000001,60.529999999999994,0.8168676689245005,3.13,7.910714285714286,8.000462008342941,0.928946855962638,-0.3337847142989685,11.251079630735127,0.14285714285714285,Obstructive
27.16,0.92,26.24,121.675,-3.6029761904761872,3.0,0.40886904761904697,2.2455052957995867,6.0,4.373333333333333,47.32,74.355,0.6364064286194606,2.67,8.757857142857144,8.429566315375075,0.8023659299446246,-0.5879188149399397,12.155560456021762,0.14285714285714285,Obstructive
26.84,-0.04,26.88,122.9,-3.3730952380952353,3.0,0.4275000000000004,2.6919087425823127,6.0,4.4799999999999995,48.77,74.13,0.6578982867934711,0.81,8.821428571428571,8.658279156921639,0.691572622892757,-0.7668367521529325,12.360558239820724,0.14285714285714285,Obstructive
27.06,0.08,26.98,116.43,-3.471071428571427,3.0,0.5688690476190476,2.687562530524776,6.0,4.496666666666667,45.379999999999995,71.05,0.6387051372273047,0.11,8.397142857142857,8.714822700082747,0.8330335436830615,-0.5980298892542879,12.10207184151304,0.14285714285714285,Obstructive
26.25,1.93,24.32,127.05,-3.0261904761904734,3.0,0.40345238095238134,3.3727160211921254,6.0,4.053333333333334,50.290000000000006,76.75999999999999,0.6551589369463263,3.39,9.242142857142856,7.121606137634392,1.0074987888771938,-0.041179880371363886,11.667668086272792,0.14285714285714285,Obstructive
27.61,0.15,27.46,123.91499999999999,-3.7724999999999977,3.0,0.3614880952380952,2.1160024287899843,6.0,4.576666666666667,46.730000000000004,77.18499999999999,0.6054285159033492,0.3,8.885714285714284,9.143117407009896,0.694429025219924,-0.8499500338470223,12.749608397347515,0.14285714285714285,Obstructive
30.17,0.09,30.080000000000002,121.37,-4.195833333333329,2.0,0.8356547619047618,1.9363151015228293,6.0,5.013333333333334,53.56,67.81,0.7898540038342428,0.26,8.709285714285715,10.128475039839564,0.8969907671052112,-0.6776487138416858,13.358056156706121,0.14285714285714285,Obstructive
29.89,2.55,27.34,140.5,-3.8217857142857103,3.0,0.4864880952380954,2.885812564800743,6.0,4.556666666666667,52.849999999999994,87.64999999999999,0.602966343411295,0.53,10.212142857142855,9.426214342817305,0.7725094982478425,-0.7208652306415515,13.89753138407784,0.14285714285714285,Obstructive
27.83,0.08,27.75,121.09,-3.542333333333332,3.0,0.4362987012987015,1.9739253752909263,6.0,4.625,40.705,80.385,0.5063755675810163,0.19,8.082,9.184531343514486,0.9086182186241982,-0.55243858907762,12.234146476154354,0.13333333333333333,Obstructive
27.07,0.38,26.69,109.85000000000001,-3.144166666666666,2.0,0.621439393939394,2.211913596754555,6.0,4.448333333333333,46.334999999999994,63.515,0.7295127135322363,1.94,7.366000000000002,8.74613728072761,1.1364454317185495,-0.19103082462554744,11.43472226743323,0.13333333333333333,Obstructive
26.35,-0.01,26.360000000000003,101.25499999999998,-3.4547619047619014,2.0,0.7801190476190475,1.8395613606199819,6.0,4.3933333333333335,48.925,52.33,0.9349321612841582,1.05,7.25642857142857,8.724269602782849,1.0270941223424193,-0.3857571826159387,11.347626875884037,0.14285714285714285,Restrictive
32.02,0.19,31.830000000000002,123.96000000000001,-3.9574999999999965,2.0,1.048392857142857,1.6500716588565547,6.0,5.305000000000001,70.94500000000001,53.01500000000001,1.3382061680656419,5.97,8.88,10.8988433200173,1.136072594727861,-0.11447314091287453,14.058420455879306,0.14285714285714285,Restrictive
32.46,0.13,32.33,125.67500000000001,-4.239333333333331,3.0,0.7350432900432908,1.7801903393305336,5.0,6.465999999999999,42.885,82.78999999999999,0.517997342674236,4.55,9.004285714285713,11.072946900496927,1.032462365643621,-0.4878994417826097,14.271906469904934,0.14285714285714285,Restrictive
32.12,0.74,31.38,127.375,-4.004166666666664,2.0,1.0556547619047618,1.4138691075520275,6.0,5.2299999999999995,75.6,51.775,1.460164171897634,6.8,9.132857142857144,11.106299003314309,1.1157268291981466,-0.18734418991885127,14.37911531155019,0.14285714285714285,Restrictive
37.17,-0.03,37.2,129.385,-4.483452380952379,2.0,1.267916666666667,1.6582367378769465,6.0,6.2,71.665,57.72,1.2415973665973667,4.6,9.26142857142857,12.039785746279978,1.2848320993702937,0.2971704874104373,15.189815667084313,0.14285714285714285,Restrictive
33.17,0.54,32.63,124.88,-4.442666666666665,3.0,0.8045887445887443,1.3302120336749412,5.0,6.526000000000001,43.615,81.265,0.5367009167538301,4.42,8.942857142857141,11.501715666165031,1.0833953657263624,-0.41113204281151106,14.569288148116817,0.14285714285714285,Restrictive
32.39,-0.03,32.42,119.77000000000001,-4.061190476190474,2.0,1.0977380952380957,1.215820438059655,6.0,5.403333333333333,69.475,50.295,1.381350034794711,5.06,8.554285714285713,11.102968531166862,1.1573813448137917,-0.08491635679927301,14.016123368667754,0.14285714285714285,Restrictive
32.27,-0.06,32.330000000000005,122.84499999999998,-4.436333333333332,3.0,0.7360822510822513,1.3743102148457573,5.0,6.466000000000001,38.745000000000005,84.10000000000001,0.4607015457788347,2.95,8.770714285714286,11.445150229486297,1.0677958301273778,-0.43109120663978695,14.419323592219673,0.14285714285714285,Restrictive
36.23,-0.03,36.26,129.215,-4.419166666666664,2.0,1.246964285714286,1.310396780337117,6.0,6.043333333333333,75.16499999999999,54.04999999999999,1.3906567992599446,5.24,9.232142857142856,12.273602439248824,1.2726093187752157,0.22157927571571667,15.358182788710016,0.14285714285714285,Restrictive
38.55,0.01,38.54,136.96,-4.716547619047615,2.0,1.3854166666666665,1.2599942023261361,6.0,6.423333333333333,80.83999999999999,56.120000000000005,1.4404846756949392,3.65,9.787857142857144,13.288507482875907,1.2097487033438303,-0.047106354021882346,16.504138225652028,0.14285714285714285,Restrictive
31.82,0.03,31.79,130.06,-3.933095238095236,2.0,0.8194047619047621,1.7075773288817664,6.0,5.298333333333333,68.735,61.324999999999996,1.12083163473298,5.49,9.304999999999998,10.589261238227554,1.0814912601173285,-0.11155669102532206,14.096647777802657,0.14285714285714285,Restrictive
38.67,-0.02,38.690000000000005,138.605,-4.812619047619044,2.0,1.3033333333333335,1.3538310999224785,6.0,6.448333333333334,77.66499999999999,60.94,1.2744502789629142,3.58,9.905714285714286,12.93003740702009,1.1756700322883893,-0.06814089656404221,16.288310006171386,0.14285714285714285,Restrictive
31.48,-0.06,31.54,121.68000000000002,-4.202833333333333,3.0,0.7208982683982683,1.4818696745670044,5.0,6.308,41.21,80.47,0.5121163166397416,6.18,8.689285714285715,10.83753099470652,1.101151791728559,-0.21658592693360834,13.890851820018609,0.14285714285714285,Restrictive
35.18,-0.08,35.26,133.375,-4.373809523809522,2.0,1.1258333333333341,1.4874897593984495,6.0,5.876666666666666,74.78999999999999,58.585,1.2766066399248952,3.78,9.523571428571428,11.987894851022997,1.1061496459178208,-0.2503138249987309,15.310389796288197,0.14285714285714285,Restrictive
32.41,-0.05,32.459999999999994,129.17499999999998,-4.321190476190473,2.0,1.0780952380952382,1.3344615604575958,6.0,5.409999999999999,72.23499999999999,56.94,1.2686160871092376,6.06,9.225714285714286,11.486331451080524,1.0250713002983443,-0.45376742907976375,14.732603784997213,0.14285714285714285,Restrictive
23.66,0.03,23.63,99.505,-2.5080952380952355,2.0,0.8714285714285711,3.6774646921378538,6.0,3.938333333333333,48.385,51.120000000000005,0.9464984350547729,1.92,7.277142857142856,7.662789895305223,0.9996825556584892,-0.38609732123875506,10.567646717356572,0.14285714285714285,Restrictive
33.52,1.93,31.590000000000003,132.08999999999997,-4.392499999999997,2.0,1.1574404761904769,1.3595791844414429,6.0,5.265000000000001,75.79500000000002,56.294999999999995,1.346389555022649,5.98,9.512142857142859,11.60288829717561,1.1064271507141823,-0.28250077005569496,15.003595521455134,0.14285714285714285,Restrictive
32.28,0.12,32.160000000000004,119.975,-4.280999999999999,3.0,0.7774891774891772,1.4147244572305138,5.0,6.432,41.19,78.78500000000001,0.5228152567113028,3.58,8.579285714285714,11.191326657145648,1.0758309978751321,-0.43236313808081617,14.101416088970842,0.14285714285714285,Restrictive
33.11,0.03,33.08,127.38000000000001,-3.9863095238095196,2.0,1.107678571428572,1.7386396254985839,6.0,5.513333333333333,74.18,53.199999999999996,1.3943609022556394,4.97,9.123571428571427,11.315022635633477,1.0838496323727405,-0.35985408997534885,14.53510553305833,0.14285714285714285,Restrictive
34.98,0.3,34.68,131.82999999999998,-4.31738095238095,2.0,1.221666666666666,1.4800386383149118,6.0,5.78,77.55,54.279999999999994,1.4287030213706706,4.43,9.439285714285717,12.089595564714617,1.1286637293087423,-0.2682438200847397,15.3381366441392,0.14285714285714285,Restrictive
32.95,0.15,32.800000000000004,127.135,-4.071190476190471,2.0,1.0627380952380951,1.5972445075640722,6.0,5.466666666666668,72.53,54.605000000000004,1.3282666422488782,5.98,9.102142857142857,11.161565544678902,1.1318929107890234,-0.11908833521258844,14.402414728093342,0.14285714285714285,Restrictive
34.25,0.11,34.14,125.51,-4.121428571428568,2.0,1.235119047619048,1.6080601053251893,6.0,5.69,74.25999999999999,51.25,1.4489756097560973,3.63,8.983571428571429,11.848534934836493,1.180610513522896,-0.1502581722245644,14.869174009146764,0.14285714285714285,Restrictive
